Title,Authors,CorporateAuthors,Editors,BookEditors,SourceTitle,PublicationDate,PublicationYear,Volume,Issue,PartNumber,Supplement,SpecialIssue,BeginningPage,EndingPage,ArticleNumber,DOI,ConferenceTitle,ConferenceDate,TotalCitations,AveragePerYear,1970,1971,1972,1973,1974,1975,1976,1977,1978,1979,1980,1981,1982,1983,1984,1985,1986,1987,1988,1989,1990,1991,1992,1993,1994,1995,1996,1997,1998,1999,2000,2001,2002,2003,2004,2005,2006,2007,2008,2009,2010,2011,2012,2013,2014,2015,2016,2017,2018,2019,2020
Organic matter exchange and cycling in mangrove ecosystems: Recent insights from stable isotope studies,"Bouillon, S.; Connolly, R. M.; Lee, S. Y.",,,,JOURNAL OF SEA RESEARCH,2008,2008,59,2-Jan,,,,44,58,,10.1016/j.seares.2007.05.001,2nd Meeting on Mangrove Macrobenthos,"JUN 26-30, 2006",211,16.23,0,0,0,0,0,0,0,0,0,0,0,0,0,0,0,0,0,0,0,0,0,0,0,0,0,0,0,0,0,0,0,0,0,0,0,0,0,1,7,13,14,11,9,21,18,21,14,24,31,27,0
How effective were mangroves as a defence against the recent tsunami?,"Dahdouh-Guebas, F; Jayatissa, LP; Di Nitto, D; Bosire, JO; Lo Seen, D; Koedam, N",,,,CURRENT BIOLOGY,JUN 21 2005,2005,15,12,,,,R443,R447,,10.1016/j.cub.2005.06.008,,,206,12.88,0,0,0,0,0,0,0,0,0,0,0,0,0,0,0,0,0,0,0,0,0,0,0,0,0,0,0,0,0,0,0,0,0,0,0,5,10,6,13,16,9,15,12,11,17,19,22,14,21,16,0
"CARBON OUTWELLING FROM A MANGROVE FOREST WITH ADJACENT SEAGRASS BEDS AND CORAL-REEFS (GAZI BAY, KENYA)","HEMMINGA, MA; SLIM, FJ; KAZUNGU, J; GANSSEN, GM; NIEUWENHUIZE, J; KRUYT, NM",,,,MARINE ECOLOGY PROGRESS SERIES,Apr-94,1994,106,3,,,,291,301,,10.3354/meps106291,,,160,5.93,0,0,0,0,0,0,0,0,0,0,0,0,0,0,0,0,0,0,0,0,0,0,0,0,0,4,9,10,6,6,6,3,10,3,10,5,4,4,10,12,2,5,6,8,7,8,3,5,10,4,0
Sources of organic carbon in mangrove sediments: variability and possible ecological implications,"Bouillon, S; Dahdouh-Guebas, F; Rao, AVVS; Koedam, N; Dehairs, F",,,,HYDROBIOLOGIA,3-Mar,2003,495,3-Jan,,,,33,39,,10.1023/A:1025411506526,,,144,8,0,0,0,0,0,0,0,0,0,0,0,0,0,0,0,0,0,0,0,0,0,0,0,0,0,0,0,0,0,0,0,0,0,1,4,4,3,2,9,3,2,13,7,9,10,8,13,19,18,19,0
Mangroves as indicators of coastal change,"Blasco, F; Saenger, P; Janodet, E",,,,CATENA,Oct-96,1996,27,4-Mar,,,,167,178,,10.1016/0341-8162(96)00013-6,,,140,5.6,0,0,0,0,0,0,0,0,0,0,0,0,0,0,0,0,0,0,0,0,0,0,0,0,0,0,0,0,4,1,2,2,0,3,6,3,6,11,6,8,4,8,6,9,9,13,9,9,13,8,0
Trophic relationships in an interlinked mangrove-seagrass ecosystem as traced by delta C-13 and delta N-15,"Marguillier, S; vanderVelde, G; Dehairs, F; Hemminga, MA; Rajagopal, S",,,,MARINE ECOLOGY PROGRESS SERIES,1997,1997,151,3-Jan,,,,115,121,,10.3354/meps151115,,,126,5.25,0,0,0,0,0,0,0,0,0,0,0,0,0,0,0,0,0,0,0,0,0,0,0,0,0,0,0,1,1,8,5,5,8,5,12,5,9,5,9,9,7,7,3,5,2,7,2,5,3,3,0
Sources of suspended organic matter and selective feeding by zooplankton in an estuarine mangrove ecosystem as traced by stable isotopes,"Bouillon, S; Mohan, PC; Sreenivas, N; Dehairs, F",,,,MARINE ECOLOGY PROGRESS SERIES,2000,2000,208,,,,,79,92,,10.3354/meps208079,,,125,5.95,0,0,0,0,0,0,0,0,0,0,0,0,0,0,0,0,0,0,0,0,0,0,0,0,0,0,0,0,0,0,1,0,4,4,8,6,6,4,9,5,5,11,8,6,11,6,7,8,8,8,0
Resource utilization patterns of epifauna from mangrove forests with contrasting inputs of local versus imported organic matter,"Bouillon, S; Moens, T; Overmeer, I; Koedam, N; Dehairs, F",,,,MARINE ECOLOGY PROGRESS SERIES,2004,2004,278,,,,,77,88,,10.3354/meps278077,,,104,6.12,0,0,0,0,0,0,0,0,0,0,0,0,0,0,0,0,0,0,0,0,0,0,0,0,0,0,0,0,0,0,0,0,0,0,0,1,1,3,9,5,5,10,6,4,7,12,9,13,12,7,0
Utilization of mangrove wood products around Mida Creek (Kenya) amongst subsistence and commercial users,"Dahdouh-Guebas, F; Mathenge, C; Kairo, JG; Koedam, N",,,,ECONOMIC BOTANY,OCT-DEC 2000,2000,54,4,,,,513,527,,10.1007/BF02866549,,,94,4.48,0,0,0,0,0,0,0,0,0,0,0,0,0,0,0,0,0,0,0,0,0,0,0,0,0,0,0,0,0,0,0,2,2,2,3,2,8,3,13,6,3,8,3,6,6,3,4,9,6,5,0
Natural barriers to natural disasters: replanting mangroves after the tsunami,"Barbier, EB",,,,FRONTIERS IN ECOLOGY AND THE ENVIRONMENT,6-Apr,2006,4,3,,,,124,131,,10.1890/1540-9295(2006)004[0124:NBTNDR]2.0.CO;2,,,90,6,0,0,0,0,0,0,0,0,0,0,0,0,0,0,0,0,0,0,0,0,0,0,0,0,0,0,0,0,0,0,0,0,0,0,0,0,1,5,9,4,6,3,3,8,9,5,6,11,9,11,0
Does the matrix matter? A forest primate in a complex agricultural landscape,"Anderson, Julie; Rowcliffe, J. Marcus; Cowlishaw, Guy",,,,BIOLOGICAL CONSERVATION,7-Mar,2007,135,2,,,,212,222,,10.1016/j.biocon.2006.10.022,,,88,6.29,0,0,0,0,0,0,0,0,0,0,0,0,0,0,0,0,0,0,0,0,0,0,0,0,0,0,0,0,0,0,0,0,0,0,0,0,0,1,2,4,6,6,4,12,6,8,7,10,11,11,0
"Leaf litter removal by the snail Terebralia palustris (Linnaeus) and sesarmid crabs in an East African mangrove forest (Gazi Bay, Kenya)","Slim, FJ; Hemminga, MA; Ochieng, C; Jannink, NT; delaMoriniere, EC; vanderVelde, G",,,,JOURNAL OF EXPERIMENTAL MARINE BIOLOGY AND ECOLOGY,JUL 15 1997,1997,215,1,,,,35,48,,10.1016/S0022-0981(97)00029-4,,,87,3.63,0,0,0,0,0,0,0,0,0,0,0,0,0,0,0,0,0,0,0,0,0,0,0,0,0,0,0,0,1,3,5,3,5,4,4,1,4,6,15,1,4,5,2,1,3,7,1,5,4,3,0
FEEDING AND BURROWING ECOLOGY OF 2 EAST-AFRICAN MANGROVE CRABS,"MICHELI, F; GHERARDI, F; VANNINI, M",,,,MARINE BIOLOGY,1991,1991,111,2,,,,247,254,,10.1007/BF01319706,,,85,2.83,0,0,0,0,0,0,0,0,0,0,0,0,0,0,0,0,0,0,0,0,0,0,0,0,1,3,2,5,1,3,3,4,6,4,4,3,1,5,5,4,0,3,1,4,4,6,4,3,2,4,0
Transitions in ancient inland freshwater resource management in Sri Lanka affect biota and human populations in and around coastal lagoons,"Dahdouh-Guebas, F; Hettiarachchi, S; Lo Seen, D; Batelaan, O; Sooriyarachchi, S; Jayatissa, LP; Koedam, N",,,,CURRENT BIOLOGY,MAR 29 2005,2005,15,6,,,,579,586,,10.1016/j.cub.2005.01.053,,,80,5,0,0,0,0,0,0,0,0,0,0,0,0,0,0,0,0,0,0,0,0,0,0,0,0,0,0,0,0,0,0,0,0,0,0,0,2,4,2,11,6,7,10,3,5,6,0,8,6,7,3,0
"Sediment biogeochemistry in an East African mangrove forest (Gazi Bay, Kenya)","Middelburg, JJ; Nieuwenhuize, J; Slim, FJ; Ohowa, B",,,,BIOGEOCHEMISTRY,Sep-96,1996,34,3,,,,133,155,,,,,80,3.2,0,0,0,0,0,0,0,0,0,0,0,0,0,0,0,0,0,0,0,0,0,0,0,0,0,0,0,2,3,0,4,3,3,4,3,2,0,3,4,3,2,6,2,2,4,5,7,3,6,9,0
The return of ecosystem goods and services in replanted mangrove forests: perspectives from local communities in Kenya,"Ronnback, Patrik; Crona, Beatrice; Ingwall, Lisa",,,,ENVIRONMENTAL CONSERVATION,7-Dec,2007,34,4,,,,313,324,,10.1017/S0376892907004225,,,76,5.43,0,0,0,0,0,0,0,0,0,0,0,0,0,0,0,0,0,0,0,0,0,0,0,0,0,0,0,0,0,0,0,0,0,0,0,0,0,0,3,3,3,5,7,8,7,6,11,10,6,7,0
"CARBON, NITROGEN CONTENTS AND STABLE CARBON-ISOTOPE ABUNDANCE IN MANGROVE LEAVES FROM AN EAST-AFRICAN COASTAL LAGOON (KENYA)","RAO, RG; WOITCHIK, AF; GOEYENS, L; VANRIET, A; KAZUNGU, J; DEHAIRS, F",,,,AQUATIC BOTANY,Feb-94,1994,47,2,,,,175,183,,10.1016/0304-3770(94)90012-4,,,75,2.78,0,0,0,0,0,0,0,0,0,0,0,0,0,0,0,0,0,0,0,0,0,0,0,0,0,3,3,4,3,3,3,1,7,2,3,1,3,2,4,2,3,3,3,0,0,2,2,6,7,5,0
"Dynamics of organic and inorganic carbon across contiguous mangrove and seagrass systems (Gazi Bay, Kenya)","Bouillon, Steven; Dehairs, Frank; Velimirov, Branko; Abril, Gwenael; Borges, Alberto Vieira",,,,JOURNAL OF GEOPHYSICAL RESEARCH-BIOGEOSCIENCES,MAY 9 2007,2007,112,G2,,,,,,G02018,10.1029/2006JG000325,,,71,5.07,0,0,0,0,0,0,0,0,0,0,0,0,0,0,0,0,0,0,0,0,0,0,0,0,0,0,0,0,0,0,0,0,0,0,0,0,0,0,5,5,2,6,5,3,7,8,5,7,8,10,0
Quantifying the density of mangrove crabs: Ocypodidae and Grapsidae,"Skov, MW; Vannini, M; Shunula, JP; Hartnoll, RG; Cannicci, S",,,,MARINE BIOLOGY,2-Oct,2002,141,4,,,,725,732,,10.1007/s00227-002-0867-9,,,71,3.74,0,0,0,0,0,0,0,0,0,0,0,0,0,0,0,0,0,0,0,0,0,0,0,0,0,0,0,0,0,0,0,0,0,1,3,6,3,0,7,11,3,6,4,1,5,6,5,1,6,3,0
The influence of stand age on benthic decomposition and recycling of organic matter in managed mangrove forests of Malaysia,"Alongi, DM; Sasekumar, A; Tirendi, F; Dixon, P",,,,JOURNAL OF EXPERIMENTAL MARINE BIOLOGY AND ECOLOGY,JUL 31 1998,1998,225,2,,,,197,218,,10.1016/S0022-0981(97)00223-2,,,70,3.04,0,0,0,0,0,0,0,0,0,0,0,0,0,0,0,0,0,0,0,0,0,0,0,0,0,0,0,0,0,2,4,4,2,3,2,0,2,1,6,1,5,3,1,2,10,2,6,2,6,6,0
"Colonization of non-planted mangrove species into restored mangrove stands in Gazi Bay, Kenya","Bosire, JO; Dahdouh-Guebas, F; Kairo, JG; Koedam, N",,,,AQUATIC BOTANY,3-Aug,2003,76,4,,,,267,279,,10.1016/S0304-3770(03)00054-8,15th Biennial Meeting of the Estuarine-Research-Federation,"SEP 25-30, 1999",69,3.83,0,0,0,0,0,0,0,0,0,0,0,0,0,0,0,0,0,0,0,0,0,0,0,0,0,0,0,0,0,0,0,0,0,0,1,4,4,4,6,4,7,2,5,3,8,7,4,2,5,3,0
Genetic differentiation in the mud crab Scylla serrata (Decapoda : Portunidae) within the Indian Ocean,"Fratini, S; Vannini, M",,,,JOURNAL OF EXPERIMENTAL MARINE BIOLOGY AND ECOLOGY,JUN 10 2002,2002,272,1,,,,103,116,PII S0022-0981(02)00052-7,10.1016/S0022-0981(02)00052-7,,,69,3.63,0,0,0,0,0,0,0,0,0,0,0,0,0,0,0,0,0,0,0,0,0,0,0,0,0,0,0,0,0,0,0,0,0,3,3,2,5,2,3,3,4,7,1,4,6,4,10,2,6,4,0
Feeding habits of non-ocypodid crabs from two mangrove forests in Kenya,"Dahdouh-Guebas, F; Giuggioli, M; Oluoch, A; Vannini, M; Cannicci, S",,,,BULLETIN OF MARINE SCIENCE,Mar-99,1999,64,2,,,,291,297,,,,,67,3.05,0,0,0,0,0,0,0,0,0,0,0,0,0,0,0,0,0,0,0,0,0,0,0,0,0,0,0,0,0,0,2,1,4,3,8,3,4,3,10,3,3,6,2,1,4,1,2,1,3,3,0
Propagule predators in Kenyan mangroves and their possible effect on regeneration,"Dahdouh-Guebas, F; Verneirt, M; Tack, JF; Van Speybroeck, D; Koedam, N",,,,MARINE AND FRESHWATER RESEARCH,1998,1998,49,4,,,,345,350,,10.1071/MF97108,,,66,2.87,0,0,0,0,0,0,0,0,0,0,0,0,0,0,0,0,0,0,0,0,0,0,0,0,0,0,0,0,0,0,2,4,4,5,4,2,1,3,8,2,1,4,4,5,2,4,3,3,1,4,0
Biogeochemistry of the Tana estuary and delta (northern Kenya),"Bouillon, Steven; Dehairs, Frank; Schiettecatte, Laure-Sophie; Vieira Borges, Alberto",,,,LIMNOLOGY AND OCEANOGRAPHY,7-Jan,2007,52,1,,,,46,59,,10.4319/lo.2007.52.1.0046,,,64,4.57,0,0,0,0,0,0,0,0,0,0,0,0,0,0,0,0,0,0,0,0,0,0,0,0,0,0,0,0,0,0,0,0,0,0,0,0,0,3,8,6,1,4,3,10,4,4,3,5,7,6,0
Seagrass ecosystems in the Western Indian Ocean,"Gullstrom, M; de la Torre-Castro, M; Bandeira, SO; Bjork, M; Dahlberg, M; Kautsky, N; Ronnback, P; Ohman, MC",,,,AMBIO,2-Dec,2002,31,8-Jul,,,,588,596,,10.1639/0044-7447(2002)031[0588:SEITWI]2.0.CO;2,,,63,3.32,0,0,0,0,0,0,0,0,0,0,0,0,0,0,0,0,0,0,0,0,0,0,0,0,0,0,0,0,0,0,0,0,0,1,1,3,3,1,4,0,4,4,3,6,5,3,3,5,7,10,0
"Litter degradation and CN dynamics in reforested mangrove plantations at Gazi Bay, Kenya","Bosire, JO; Dahdouh-Guebas, F; Kairo, JG; Kazungu, J; Dehairs, F; Koedam, N",,,,BIOLOGICAL CONSERVATION,5-Nov,2005,126,2,,,,287,295,,10.1016/j.biocon.2005.06.007,,,62,3.88,0,0,0,0,0,0,0,0,0,0,0,0,0,0,0,0,0,0,0,0,0,0,0,0,0,0,0,0,0,0,0,0,0,0,0,0,3,3,6,2,5,5,6,4,8,5,2,5,5,3,0
Sonneratia apetala Buch.Ham in the mangrove ecosystems of China: An invasive species or restoration species?,"Ren, Hai; Lu, Hongfang; Shen, Weijun; Huang, Charlie; Guo, Qinfeng; Li, Zhi'an; Jian, Shuguang",,,,ECOLOGICAL ENGINEERING,9-Aug,2009,35,8,,,,1243,1248,,10.1016/j.ecoleng.2009.05.008,,,60,5,0,0,0,0,0,0,0,0,0,0,0,0,0,0,0,0,0,0,0,0,0,0,0,0,0,0,0,0,0,0,0,0,0,0,0,0,0,0,0,0,0,5,6,3,7,7,8,6,12,6,0
"Tracing mangrove carbon in suspended matter and aquatic fauna of the Gautami-Godavari Delta, Bay of Bengal (India)","Dehairs, F; Rao, RG; Mohan, PC; Raman, AV; Marguillier, S; Hellings, L",,,,HYDROBIOLOGIA,Jul-00,2000,431,3-Feb,,,,225,241,,10.1023/A:1004072310525,International Seminar on Mangroves,"MAR 25-27, 1997",59,2.81,0,0,0,0,0,0,0,0,0,0,0,0,0,0,0,0,0,0,0,0,0,0,0,0,0,0,0,0,0,0,2,0,2,3,1,1,4,2,3,4,3,2,3,1,7,4,3,4,8,2,0
Food preferences of Neosarmatium meinerti de Man (Decapoda: Sesarminae) and its possible effect on the regeneration of mangroves,"DahdouhGuebas, F; Verneirt, M; Tack, JF; Koedam, N",,,,HYDROBIOLOGIA,MAR 28 1997,1997,347,,,,,83,89,,10.1023/A:1003015201186,,,59,2.46,0,0,0,0,0,0,0,0,0,0,0,0,0,0,0,0,0,0,0,0,0,0,0,0,0,0,0,0,1,1,2,2,5,2,3,2,1,3,7,1,1,5,2,2,3,4,4,4,3,1,0
"Landscape-scale extent, height, biomass, and carbon estimation of Mozambique's mangrove forests with Landsat ETM+ and Shuttle Radar Topography Mission elevation data","Fatoyinbo, Temilola E.; Simard, Marc; Washington-Allen, Robert A.; Shugart, Herman H.",,,,JOURNAL OF GEOPHYSICAL RESEARCH-BIOGEOSCIENCES,JUN 20 2008,2008,113,G2,,,,,,G02S06,10.1029/2007JG000551,,,58,4.46,0,0,0,0,0,0,0,0,0,0,0,0,0,0,0,0,0,0,0,0,0,0,0,0,0,0,0,0,0,0,0,0,0,0,0,0,0,0,1,1,1,1,0,5,7,6,10,5,12,9,0
"Biomass and litterfall of Ceriops tagal and Rhizophora mucronata in the mangrove forest of Gazi Bay, Kenya","Slim, FJ; Gwada, PM; Kodjo, M; Hemminga, MA",,,,MARINE AND FRESHWATER RESEARCH,1996,1996,47,8,,,,999,1007,,10.1071/MF9960999,,,58,2.32,0,0,0,0,0,0,0,0,0,0,0,0,0,0,0,0,0,0,0,0,0,0,0,0,0,0,0,1,0,1,4,5,2,0,3,2,2,1,6,0,2,2,7,3,4,2,1,4,4,2,0
Keys to successful blue carbon projects: Lessons learned from global case studies,"Wylie, Lindsay; Sutton-Grier, Ariana E.; Moore, Amber",,,,MARINE POLICY,16-Mar,2016,65,,,,,76,84,,10.1016/j.marpol.2015.12.020,,,57,11.4,0,0,0,0,0,0,0,0,0,0,0,0,0,0,0,0,0,0,0,0,0,0,0,0,0,0,0,0,0,0,0,0,0,0,0,0,0,0,0,0,0,0,0,0,0,0,6,7,18,25,1
"Regeneration status of mangrove forests in Mida Creek, Kenya: A compromised or secured future?","Kairo, JG; Dahdouh-Guebas, F; Gwada, PO; Ochieng, C; Koedam, N",,,,AMBIO,2-Dec,2002,31,8-Jul,,,,562,568,,10.1639/0044-7447(2002)031[0562:RSOMFI]2.0.CO;2,,,57,3,0,0,0,0,0,0,0,0,0,0,0,0,0,0,0,0,0,0,0,0,0,0,0,0,0,0,0,0,0,0,0,0,0,0,2,4,3,2,8,5,1,4,3,3,1,1,4,7,3,6,0
Coastal tidally-driven circulation and the role of water exchange in the linkage between tropical coastal ecosystems,"Kitheka, JU",,,,ESTUARINE COASTAL AND SHELF SCIENCE,Aug-97,1997,45,2,,,,177,187,,10.1006/ecss.1996.0189,,,57,2.38,0,0,0,0,0,0,0,0,0,0,0,0,0,0,0,0,0,0,0,0,0,0,0,0,0,0,0,0,0,1,1,2,3,5,4,1,2,5,5,2,1,2,3,1,4,3,4,5,2,1,0
Mangrove species and stand mapping in GAzi bay (Kenya) using Quickbird satellite imagery,"Neukermans, G.; Dahdouh-Guebas, F.; Kairo, J. G.; Koedam, N.",,,,JOURNAL OF SPATIAL SCIENCE,8-Jun,2008,53,1,,,,75,86,,10.1080/14498596.2008.9635137,,,56,4.31,0,0,0,0,0,0,0,0,0,0,0,0,0,0,0,0,0,0,0,0,0,0,0,0,0,0,0,0,0,0,0,0,0,0,0,0,0,0,0,1,1,6,3,9,5,3,3,6,11,8,0
Spatial variations in macrobenthic fauna recolonisation in a tropical mangrove bay,"Bosire, JO; Dahdouh-Guebas, F; Kairo, JG; Cannicci, S; Koedam, N",,,,BIODIVERSITY AND CONSERVATION,4-Jun,2004,13,6,,,,1059,1074,,10.1023/B:BIOC.0000018149.88212.2d,,,54,3.18,0,0,0,0,0,0,0,0,0,0,0,0,0,0,0,0,0,0,0,0,0,0,0,0,0,0,0,0,0,0,0,0,0,0,1,2,3,1,8,4,4,3,4,2,2,5,4,6,2,3,0
"Human-impacted mangroves in Gazi (Kenya): predicting future vegetation based on retrospective remote sensing, social surveys, and tree distribution","Dahdouh-Guebas, F; Van Pottelbergh, I; Kairo, JG; Cannicci, S; Koedam, N",,,,MARINE ECOLOGY PROGRESS SERIES,2004,2004,272,,,,,77,92,,10.3354/meps272077,,,53,3.12,0,0,0,0,0,0,0,0,0,0,0,0,0,0,0,0,0,0,0,0,0,0,0,0,0,0,0,0,0,0,0,0,0,0,0,3,5,3,9,1,3,7,4,5,3,2,4,1,3,0,0
Nitrogen enrichment during decomposition of mangrove leaf litter in an east African coastal lagoon (Kenya): Relative importance of biological nitrogen fixation,"Woitchik, AF; Ohowa, B; Kazungu, JM; Rao, RG; Goeyens, L; Dehairs, F",,,,BIOGEOCHEMISTRY,Oct-97,1997,39,1,,,,15,35,,10.1023/A:1005850032254,,,53,2.21,0,0,0,0,0,0,0,0,0,0,0,0,0,0,0,0,0,0,0,0,0,0,0,0,0,0,0,1,1,0,3,2,0,1,0,2,2,4,6,2,2,6,2,1,3,3,1,5,4,2,0
Mangrove fish: a comparison of community structure between forested and cleared habitats,"Huxham, M; Kimani, E; Augley, J",,,,ESTUARINE COASTAL AND SHELF SCIENCE,4-Aug,2004,60,4,,,,637,647,,10.1016/j.ecss.2004.03.003,,,52,3.06,0,0,0,0,0,0,0,0,0,0,0,0,0,0,0,0,0,0,0,0,0,0,0,0,0,0,0,0,0,0,0,0,0,0,0,4,3,4,4,3,5,1,3,6,1,5,3,6,2,2,0
"River discharge, sediment transport and exchange in the Tana Estuary, Kenya","Kitheka, JU; Obiero, M; Nthenge, P",,,,ESTUARINE COASTAL AND SHELF SCIENCE,5-May,2005,63,3,,,,455,468,,10.1016/j.ecss.2004.11.011,3rd Scientific Symposium on Promoting Marine Science for Management in Eastern Africa,"OCT 15-18, 2003",51,3.19,0,0,0,0,0,0,0,0,0,0,0,0,0,0,0,0,0,0,0,0,0,0,0,0,0,0,0,0,0,0,0,0,0,0,0,0,4,1,4,2,1,2,5,4,6,3,7,2,5,5,0
Nutrient resorption from seagrass leaves,"Stapel, J; Hemminga, MA",,,,MARINE BIOLOGY,May-97,1997,128,2,,,,197,206,,10.1007/s002270050083,,,51,2.13,0,0,0,0,0,0,0,0,0,0,0,0,0,0,0,0,0,0,0,0,0,0,0,0,0,0,0,0,1,4,4,4,4,0,3,3,3,4,6,3,1,2,1,0,2,0,1,1,1,3,0
Effects of urban wastewater on crab and mollusc assemblages in equatorial and subtropical mangroves of East Africa,"Cannicci, Stefano; Bartolini, Fabrizio; Dahdouh-Guebas, Farid; Fratini, Sara; Litulo, Carlos; Macia, Adriano; Mrabu, Elisha J.; Penha-Lopes, Gil; Paula, Jose",,,,ESTUARINE COASTAL AND SHELF SCIENCE,SEP 20 2009,2009,84,3,,,,305,317,,10.1016/j.ecss.2009.04.021,5th Western-Indian-Ocean-Marine-Science-Association Symposium (WIOMSA),"OCT 22-26, 2007",50,4.17,0,0,0,0,0,0,0,0,0,0,0,0,0,0,0,0,0,0,0,0,0,0,0,0,0,0,0,0,0,0,0,0,0,0,0,0,0,0,0,1,1,7,5,1,5,7,5,5,6,7,0
Mapping of mangrove forest land cover change along the Kenya coastline using Landsat imagery,"Kirui, K. B.; Kairo, J. G.; Bosire, J.; Viergever, K. M.; Rudra, S.; Huxham, M.; Briers, R. A.",,,,OCEAN & COASTAL MANAGEMENT,13-Oct,2013,83,,,,,19,24,,10.1016/j.ocecoaman.2011.12.004,,,48,6,0,0,0,0,0,0,0,0,0,0,0,0,0,0,0,0,0,0,0,0,0,0,0,0,0,0,0,0,0,0,0,0,0,0,0,0,0,0,0,0,0,0,0,1,1,5,8,12,13,8,0
Structural development and productivity of replanted mangrove plantations in Kenya,"Kairo, James G.; Lang'at, Joseph K. S.; Dahdouh-Guebas, Farid; Bosire, Jared; Karachi, Moses",,,,FOREST ECOLOGY AND MANAGEMENT,APR 20 2008,2008,255,7,,,,2670,2677,,10.1016/j.foreco.2008.01.031,,,48,3.69,0,0,0,0,0,0,0,0,0,0,0,0,0,0,0,0,0,0,0,0,0,0,0,0,0,0,0,0,0,0,0,0,0,0,0,0,0,0,1,2,1,2,4,6,5,4,7,5,6,5,0
"Below-ground root yield and distribution in natural and replanted mangrove forests at Gazi bay, Kenya","Tamooh, F.; Huxham, M.; Karachi, M.; Mencuccini, M.; Kairo, J. G.; Kirui, B.",,,,FOREST ECOLOGY AND MANAGEMENT,SEP 5 2008,2008,256,6,,,,1290,1297,,10.1016/j.foreco.2008.06.026,,,47,3.62,0,0,0,0,0,0,0,0,0,0,0,0,0,0,0,0,0,0,0,0,0,0,0,0,0,0,0,0,0,0,0,0,0,0,0,0,0,0,0,0,4,3,0,5,6,5,6,6,7,5,0
Natural diet and feeding habits of Thalamita crenata (Decapoda: Portunidae),"Cannicci, S; DahdouhGuebas, F; Anyona, D; Vannini, M",,,,JOURNAL OF CRUSTACEAN BIOLOGY,Nov-96,1996,16,4,,,,678,683,,10.2307/1549188,,,47,1.88,0,0,0,0,0,0,0,0,0,0,0,0,0,0,0,0,0,0,0,0,0,0,0,0,0,0,0,0,1,1,2,4,2,2,1,1,0,1,5,1,0,1,3,1,5,4,1,3,2,6,0
Empirical estimate of the reliability of the use of the Point-Centred Quarter Method (PCQM): Solutions to ambiguous field situations and description of the PCQM plus protocol,"Dahdouh-Guebas, Farid; Koedam, Nico",,,,FOREST ECOLOGY AND MANAGEMENT,JUN 15 2006,2006,228,3-Jan,,,,1,18,,10.1016/j.foreco.2005.10.076,,,44,2.93,0,0,0,0,0,0,0,0,0,0,0,0,0,0,0,0,0,0,0,0,0,0,0,0,0,0,0,0,0,0,0,0,0,0,0,0,0,0,4,1,3,5,1,7,4,4,2,4,4,5,0
Human-induced stresses on mangrove swamps along the Kenyan coast,"Abuodha, PAW; Kairo, JG",,,,HYDROBIOLOGIA,AUG 15 2001,2001,458,,,,,255,265,,10.1023/A:1013130916811,Conference on Science and the Sustainable Management of Shallow Tropical Waters,"APR 11-16, 1999",44,2.2,0,0,0,0,0,0,0,0,0,0,0,0,0,0,0,0,0,0,0,0,0,0,0,0,0,0,0,0,0,0,0,0,0,1,1,0,0,1,4,4,0,2,3,3,3,4,6,5,4,3,0
Comparative study of the disjunct zonation pattern of the grey mangrove Avicennia marina (Forsk.) Vierh. in Gazi Bay (Kenya),"Dahdouh-Guebas, F; De Bondt, R; Abeysinghe, PD; Kairo, JG; Cannicci, S; Triest, L; Koedam, N",,,,BULLETIN OF MARINE SCIENCE,4-Mar,2004,74,2,,,,237,252,,,,,42,2.47,0,0,0,0,0,0,0,0,0,0,0,0,0,0,0,0,0,0,0,0,0,0,0,0,0,0,0,0,0,0,0,0,0,0,0,0,3,2,5,3,2,0,3,4,4,4,3,3,5,1,0
"VERTICAL MIGRATIONS IN THE TREE CRAB SESARMA-LEPTOSOMA (DECAPODA, GRAPSIDAE)","VANNINI, M; RUWA, RK",,,,MARINE BIOLOGY,Jan-94,1994,118,2,,,,271,278,,10.1007/BF00349794,,,41,1.52,0,0,0,0,0,0,0,0,0,0,0,0,0,0,0,0,0,0,0,0,0,0,0,0,0,2,2,4,1,3,2,1,3,2,1,2,1,1,4,1,0,1,0,2,1,3,1,1,1,1,0
A taphonomic study of delta C-13 and delta N-15 values in Rhizophora mangle leaves for a multi-proxy approach to mangrove palaeoecology,"Wooller, M; Smallwood, B; Scharler, U; Jacobson, M; Fogel, M",,,,ORGANIC GEOCHEMISTRY,2003,2003,34,9,,,,1259,1275,,10.1016/S0146-6380(03)00116-5,,,40,2.22,0,0,0,0,0,0,0,0,0,0,0,0,0,0,0,0,0,0,0,0,0,0,0,0,0,0,0,0,0,0,0,0,0,1,2,1,3,3,5,3,2,1,2,0,0,2,2,7,1,5,0
"Fishes of a shallow tropical mangrove estuary, Gazi, Kenya","Kimani, EN; Mwatha, GK; Wakwabi, EO; Ntiba, JM; Okoth, BK",,,,MARINE AND FRESHWATER RESEARCH,1996,1996,47,7,,,,857,868,,10.1071/MF9960857,,,40,1.6,0,0,0,0,0,0,0,0,0,0,0,0,0,0,0,0,0,0,0,0,0,0,0,0,0,0,0,0,1,4,1,3,1,1,1,3,3,4,1,2,4,0,2,1,2,1,1,1,1,2,0
HERMIT-CRABS IN A MANGROVE SWAMP - PROXIMATE AND ULTIMATE FACTORS IN THE CLUSTERING OF CLIBANARIUS-LAEVIMANUS,"GHERARDI, F; VANNINI, M",,,,JOURNAL OF EXPERIMENTAL MARINE BIOLOGY AND ECOLOGY,1993,1993,168,2,,,,167,187,,10.1016/0022-0981(93)90258-P,,,39,1.39,0,0,0,0,0,0,0,0,0,0,0,0,0,0,0,0,0,0,0,0,0,0,0,0,2,2,1,3,2,1,2,5,1,1,2,0,2,1,0,2,1,1,0,1,1,3,0,0,3,2,0
A safe hydraulic architecture as wood anatomical explanation for the difference in distribution of the mangroves Avicennia and Rhizophora,"Robert, Elisabeth M. R.; Koedam, Nico; Beeckman, Hans; Schmitz, Nele",,,,FUNCTIONAL ECOLOGY,9-Aug,2009,23,4,,,,649,657,,10.1111/j.1365-2435.2009.01551.x,,,38,3.17,0,0,0,0,0,0,0,0,0,0,0,0,0,0,0,0,0,0,0,0,0,0,0,0,0,0,0,0,0,0,0,0,0,0,0,0,0,0,0,1,0,4,1,3,7,3,5,5,5,4,0
Rapid Losses of Surface Elevation following Tree Girdling and Cutting in Tropical Mangroves,"Lang'at, Joseph Kipkorir Sigi; Kairo, James G.; Mencuccini, Maurizio; Bouillon, Steven; Skov, Martin W.; Waldron, Susan; Huxham, Mark",,,,PLOS ONE,SEP 22 2014,2014,9,9,,,,,,e107868,10.1371/journal.pone.0107868,,,37,5.29,0,0,0,0,0,0,0,0,0,0,0,0,0,0,0,0,0,0,0,0,0,0,0,0,0,0,0,0,0,0,0,0,0,0,0,0,0,0,0,0,0,0,0,0,0,4,9,10,3,11,0
Mangroves facing climate change: landward migration potential in response to projected scenarios of sea level rise,"Di Nitto, D.; Neukermans, G.; Koedam, N.; Defever, H.; Pattyn, F.; Kairo, J. G.; Dahdouh-Guebas, F.",,,,BIOGEOSCIENCES,2014,2014,11,3,,,,857,871,,10.5194/bg-11-857-2014,,,37,5.29,0,0,0,0,0,0,0,0,0,0,0,0,0,0,0,0,0,0,0,0,0,0,0,0,0,0,0,0,0,0,0,0,0,0,0,0,0,0,0,0,0,0,0,0,0,9,10,8,5,5,0
Gene flow and demographic history of the mangrove crab Neosarmatium meinerti: A case study from the western Indian Ocean,"Ragionieri, Lapo; Cannicci, Stefano; Schubart, Christoph D.; Fratini, Sara",,,,ESTUARINE COASTAL AND SHELF SCIENCE,JAN 20 2010,2010,86,2,,,,179,188,,10.1016/j.ecss.2009.11.002,,,37,3.36,0,0,0,0,0,0,0,0,0,0,0,0,0,0,0,0,0,0,0,0,0,0,0,0,0,0,0,0,0,0,0,0,0,0,0,0,0,0,0,0,1,1,5,3,1,3,6,7,5,5,0
Comparison between delta C-13 of alpha-cellulose and bulk wood in the mangrove tree Rhizophora mucronata: Implications for dendrochemistry,"Verheyden, A; Roggeman, M; Bouillon, S; Elskens, M; Beeckman, H; Koedam, N",,,,CHEMICAL GEOLOGY,JUN 15 2005,2005,219,4-Jan,,,,275,282,,10.1016/j.chemgeo.2005.02.015,,,37,2.31,0,0,0,0,0,0,0,0,0,0,0,0,0,0,0,0,0,0,0,0,0,0,0,0,0,0,0,0,0,0,0,0,0,0,0,0,0,1,7,2,2,6,3,1,0,6,3,2,2,2,0
A patchy growth via successive and simultaneous cambia: Key to success of the most widespread mangrove species Avicennia marina?,"Schmitz, Nele; Robert, Elisabeth M. R.; Verheyden, Anouk; Kairo, James Gitundu; Beeckman, Hans; Koedam, Nico",,,,ANNALS OF BOTANY,8-Jan,2008,101,1,,,,49,58,,10.1093/aob/mcm280,,,36,2.77,0,0,0,0,0,0,0,0,0,0,0,0,0,0,0,0,0,0,0,0,0,0,0,0,0,0,0,0,0,0,0,0,0,0,0,0,0,0,2,1,0,3,4,2,5,5,4,2,3,5,0
Kenya,"Obura, DO",,,,MARINE POLLUTION BULLETIN,1-Dec,2001,42,12,,,,1264,1278,,10.1016/S0025-326X(01)00241-7,,,36,1.8,0,0,0,0,0,0,0,0,0,0,0,0,0,0,0,0,0,0,0,0,0,0,0,0,0,0,0,0,0,0,0,0,1,1,0,1,1,8,2,2,3,2,1,1,1,2,4,3,1,2,0
Influence of a salinity gradient on the vessel characters of the mangrove species Rhizophora mucronata,"Schmitz, Nele; Verheyden, Anouk; Beeckman, Hans; Gitundu Kairo, James; Koedam, Nico",,,,ANNALS OF BOTANY,6-Dec,2006,98,6,,,,1321,1330,,10.1093/aob/mcl224,,,35,2.33,0,0,0,0,0,0,0,0,0,0,0,0,0,0,0,0,0,0,0,0,0,0,0,0,0,0,0,0,0,0,0,0,0,0,0,0,0,1,5,3,3,4,0,3,4,3,4,1,3,1,0
THE CURRENT STATUS OF MANGROVES ALONG THE KENYAN COAST - A CASE-STUDY OF MIDA CREEK MANGROVES BASED ON REMOTE-SENSING,"GANG, PO; AGATSIVA, JL",,,,HYDROBIOLOGIA,NOV 20 1992,1992,247,3-Jan,,,,29,36,,10.1007/BF00008202,INTERNATIONAL SYMP ON THE ECOLOGY OF MANGROVE AND RELATED ECOSYSTEMS,"SEP 24-30, 1990",35,1.21,0,0,0,0,0,0,0,0,0,0,0,0,0,0,0,0,0,0,0,0,0,0,0,0,0,0,1,0,5,0,1,2,2,2,1,1,1,2,2,2,1,3,0,3,4,1,0,1,0,0,0
Predation on propagules regulates regeneration in a high-density reforested mangrove plantation,"Bosire, JO; Kairo, JG; Kazungu, J; Koedam, N; Dahdouh-Guebas, F",,,,MARINE ECOLOGY PROGRESS SERIES,2005,2005,299,,,,,149,155,,10.3354/meps299149,,,34,2.13,0,0,0,0,0,0,0,0,0,0,0,0,0,0,0,0,0,0,0,0,0,0,0,0,0,0,0,0,0,0,0,0,0,0,0,0,0,1,4,2,2,3,4,1,4,4,2,2,2,3,0
Feeding clusters and olfaction in the mangrove snail Terebralia palustris (Linnaeus) (Potamididae : Gastropoda),"Fratini, S; Cannicci, S; Vannini, M",,,,JOURNAL OF EXPERIMENTAL MARINE BIOLOGY AND ECOLOGY,JUL 1 2001,2001,261,2,,,,173,183,,10.1016/S0022-0981(01)00273-8,,,34,1.7,0,0,0,0,0,0,0,0,0,0,0,0,0,0,0,0,0,0,0,0,0,0,0,0,0,0,0,0,0,0,0,0,0,2,1,0,4,3,6,1,2,3,3,1,1,1,0,4,2,0,0
"Carbon sources supporting a diverse fish community in a tropical coastal ecosystem (Gazi Bay, Kenya)","Nyunja, J.; Ntiba, M.; Onyari, J.; Mavuti, K.; Soetaert, K.; Bouillon, S.",,,,ESTUARINE COASTAL AND SHELF SCIENCE,JUL 10 2009,2009,83,3,,,,333,341,,10.1016/j.ecss.2009.01.009,,,33,2.75,0,0,0,0,0,0,0,0,0,0,0,0,0,0,0,0,0,0,0,0,0,0,0,0,0,0,0,0,0,0,0,0,0,0,0,0,0,0,0,1,2,3,2,4,4,7,0,3,5,2,0
"Phenology, litterfall and nutrient resorption in Avicennia marina (Forssk.) Vierh in Gazi Bay, Kenya","Ochieng, CA; Erftemeijer, PLA",,,,TREES-STRUCTURE AND FUNCTION,2-Mar,2002,16,3-Feb,,,,167,171,,10.1007/s00468-001-0146-2,International Symposium on Mangroves,"JUL 10-12, 2001",33,1.74,0,0,0,0,0,0,0,0,0,0,0,0,0,0,0,0,0,0,0,0,0,0,0,0,0,0,0,0,0,0,0,0,0,0,2,2,0,3,2,1,2,1,3,6,1,1,3,2,1,3,0
Mangrove management and utilization in Eastern Africa,"Semesi, AK",,,,AMBIO,Dec-98,1998,27,8,,,,620,626,,,,,33,1.43,0,0,0,0,0,0,0,0,0,0,0,0,0,0,0,0,0,0,0,0,0,0,0,0,0,0,0,0,0,0,1,3,3,4,0,3,1,0,2,4,3,3,2,0,0,2,2,0,0,0,0
"Morphology, hydrography and sediment dynamics in a mangrove estuary: The Konkoure Estuary, Guinea","Capo, S.; Sottolichio, A.; Brenon, I.; Castaing, P.; Ferry, L.",,,,MARINE GEOLOGY,AUG 24 2006,2006,230,4-Mar,,,,199,215,,10.1016/j.margeo.2006.05.003,,,32,2.13,0,0,0,0,0,0,0,0,0,0,0,0,0,0,0,0,0,0,0,0,0,0,0,0,0,0,0,0,0,0,0,0,0,0,0,0,0,0,1,3,1,3,1,6,1,2,7,3,0,4,0
HERMIT-CRABS IN A MANGROVE SWAMP - THE STRUCTURE OF CLIBANARIUS-LAEVIMANUS CLUSTERS,"GHERARDI, F; ZATTERI, F; VANNINI, M",,,,MARINE BIOLOGY,Dec-94,1994,121,1,,,,41,52,,10.1007/BF00349472,,,32,1.19,0,0,0,0,0,0,0,0,0,0,0,0,0,0,0,0,0,0,0,0,0,0,0,0,0,2,2,3,0,2,3,6,1,1,0,0,2,1,0,3,1,0,0,0,2,1,1,0,1,0,0
"THE MEIOBENTHOS OF 5 MANGROVE VEGETATION TYPES IN GAZI BAY, KENYA","VANHOVE, S; VINCX, M; VANGANSBEKE, D; GIJSELINCK, W; SCHRAM, D",,,,HYDROBIOLOGIA,NOV 20 1992,1992,247,3-Jan,,,,99,108,,10.1007/BF00008208,INTERNATIONAL SYMP ON THE ECOLOGY OF MANGROVE AND RELATED ECOSYSTEMS,"SEP 24-30, 1990",32,1.1,0,0,0,0,0,0,0,0,0,0,0,0,0,0,0,0,0,0,0,0,0,0,0,0,0,3,1,1,0,1,0,0,0,1,1,0,1,3,2,0,1,2,0,2,1,3,1,2,4,2,0
THE MANGROVE VEGETATION OF GAZI BAY (KENYA),"GALLIN, E; COPPEJANS, E; BEECKMAN, H",,,,BULLETIN DE LA SOCIETE ROYALE DE BOTANIQUE DE BELGIQUE,1989,1989,122,2,,,,197,207,,,,,32,1,0,0,0,0,0,0,0,0,0,0,0,0,0,0,0,0,0,0,0,0,0,0,4,0,0,1,2,2,1,1,0,2,4,1,2,0,0,1,2,2,1,0,0,1,3,1,0,0,0,1,0
Genetic and morphological differentiation of the mangrove crab Perisesarma guttatum (Brachyura: Sesarmidae) along an East African latitudinal gradient,"Silva, Ines C.; Mesquita, Natacha; Paula, Jose",,,,BIOLOGICAL JOURNAL OF THE LINNEAN SOCIETY,10-Jan,2010,99,1,,,,28,46,,10.1111/j.1095-8312.2009.01338.x,,,31,2.82,0,0,0,0,0,0,0,0,0,0,0,0,0,0,0,0,0,0,0,0,0,0,0,0,0,0,0,0,0,0,0,0,0,0,0,0,0,0,0,0,2,2,1,6,1,3,5,3,5,3,0
"LEAF PRODUCTION AND NUTRIENT CONTENTS OF THE SEAGRASS THALASSODENDRON-CILIATUM IN THE PROXIMITY OF A MANGROVE FOREST (GAZI BAY, KENYA)","HEMMINGA, MA; GWADA, P; SLIM, FJ; DEKOEYER, P; KAZUNGU, J",,,,AQUATIC BOTANY,May-95,1995,50,2,,,,159,170,,10.1016/0304-3770(95)00450-E,,,31,1.19,0,0,0,0,0,0,0,0,0,0,0,0,0,0,0,0,0,0,0,0,0,0,0,0,0,0,3,4,2,1,2,5,5,1,1,0,0,2,1,0,0,0,1,0,0,1,1,1,0,0,0
Mangrove forests in a peri-urban setting: the case of Mombasa (Kenya),"Mohamed, Mohamed Omar Said; Neukermans, Griet; Kairo, James Gitundu; Dahdouh-Guebas, Farid; Koedam, Nico",,,,WETLANDS ECOLOGY AND MANAGEMENT,9-Jun,2009,17,3,,,,243,255,,10.1007/s11273-008-9104-8,,,30,2.5,0,0,0,0,0,0,0,0,0,0,0,0,0,0,0,0,0,0,0,0,0,0,0,0,0,0,0,0,0,0,0,0,0,0,0,0,0,0,0,2,0,4,6,5,2,1,5,3,2,0,0
The East African decapod crab Neosarmatium meinerti (de Man) sweeps mangrove floors clean of leaf litter,"Olafsson, E; Buchmayer, S; Skov, MW",,,,AMBIO,2-Dec,2002,31,8-Jul,,,,569,573,,10.1639/0044-7447(2002)031[0569:TEADCN]2.0.CO;2,,,30,1.58,0,0,0,0,0,0,0,0,0,0,0,0,0,0,0,0,0,0,0,0,0,0,0,0,0,0,0,0,0,0,0,0,0,1,1,1,0,2,5,1,2,5,0,0,3,2,0,3,2,2,0
Mangrove carbon sink. Do burrowing crabs contribute to sediment carbon storage? Evidence from a Kenyan mangrove system,"Andreetta, Anna; Fusi, Marco; Cameldi, Irene; Cimo, Filippo; Carnicelli, Stefano; Cannicci, Stefano",,,,JOURNAL OF SEA RESEARCH,14-Jan,2014,85,,,,,524,533,,10.1016/j.seares.2013.08.010,,,29,4.14,0,0,0,0,0,0,0,0,0,0,0,0,0,0,0,0,0,0,0,0,0,0,0,0,0,0,0,0,0,0,0,0,0,0,0,0,0,0,0,0,0,0,0,0,4,2,5,3,10,5,0
"Use of replanted mangroves as nursery grounds by shrimp communities in Gazi Bay, Kenya","Crona, BI; Ronnback, P",,,,ESTUARINE COASTAL AND SHELF SCIENCE,5-Nov,2005,65,3,,,,535,544,,10.1016/j.ecss.2005.07.001,,,29,1.81,0,0,0,0,0,0,0,0,0,0,0,0,0,0,0,0,0,0,0,0,0,0,0,0,0,0,0,0,0,0,0,0,0,0,0,0,2,4,3,4,2,0,1,3,3,0,1,4,0,2,0
"Carbon sources supporting benthic mineralization in mangrove and adjacent seagrass sediments (Gazi Bay, Kenya)","Bouillon, S; Moens, T; Dehairs, F",,,,BIOGEOSCIENCES,2004,2004,1,1,,,,71,78,,10.5194/bg-1-71-2004,,,29,1.71,0,0,0,0,0,0,0,0,0,0,0,0,0,0,0,0,0,0,0,0,0,0,0,0,0,0,0,0,0,0,0,0,0,0,0,0,2,3,3,5,1,2,3,1,0,0,2,4,0,3,0
Thermal specialization across large geographical scales predicts the resilience of mangrove crab populations to global warming,"Fusi, Marco; Giomi, Folco; Babbini, Simone; Daffonchio, Daniele; McQuaid, Christopher D.; Porri, Francesca; Cannicci, Stefano",,,,OIKOS,15-Jun,2015,124,6,,,,784,795,,10.1111/oik.01757,,,28,4.67,0,0,0,0,0,0,0,0,0,0,0,0,0,0,0,0,0,0,0,0,0,0,0,0,0,0,0,0,0,0,0,0,0,0,0,0,0,0,0,0,0,0,0,0,0,4,4,3,7,10,0
"Decomposition of mangrove roots: Effects of location, nutrients, species identity and mix in a Kenyan forest","Huxham, Mark; Langat, Joseph; Tamooh, Fredrick; Kennedy, Hilary; Mencuccini, Maurizio; Skov, Martin W.; Kairo, James",,,,ESTUARINE COASTAL AND SHELF SCIENCE,JUN 10 2010,2010,88,1,,,,135,142,,10.1016/j.ecss.2010.03.021,,,28,2.55,0,0,0,0,0,0,0,0,0,0,0,0,0,0,0,0,0,0,0,0,0,0,0,0,0,0,0,0,0,0,0,0,0,0,0,0,0,0,0,0,0,1,0,4,4,1,4,6,6,2,0
"Analysing ethnobotanical and fishery-related importance of mangroves of the East-Godavari Delta (Andhra Pradesh, India) for conservation and management purposes","Dahdouh-Guebas, F.; Collin, S.; Lo Seen, D.; Ronnback, P.; Depommier, D.; Ravishankar, T.; Koedam, N.",,,,JOURNAL OF ETHNOBIOLOGY AND ETHNOMEDICINE,2006,2006,2,,,,,,,24,10.1186/1746-4269-2-24,,,28,1.87,0,0,0,0,0,0,0,0,0,0,0,0,0,0,0,0,0,0,0,0,0,0,0,0,0,0,0,0,0,0,0,0,0,0,0,0,1,0,2,2,1,3,3,4,1,4,3,3,0,1,0
"Influence of epibenthos on meiobenthos of the Ceriops tagal mangrove sediment at Gazi Bay, Kenya","Schrijvers, J; Okondo, J; Steyaert, M; Vincx, M",,,,MARINE ECOLOGY PROGRESS SERIES,Nov-95,1995,128,3-Jan,,,,247,259,,10.3354/meps128247,,,28,1.08,0,0,0,0,0,0,0,0,0,0,0,0,0,0,0,0,0,0,0,0,0,0,0,0,0,0,1,2,2,1,1,2,2,3,0,0,1,0,4,1,0,4,0,1,0,0,0,0,2,1,0
"MACROBENTHIC INFAUNA OF MANGROVES AND SURROUNDING BEACHES AT GAZI BAY, KENYA","SCHRIJVERS, J; VANGANSBEKE, D; VINCX, M",,,,HYDROBIOLOGIA,JUN 16 1995,1995,306,1,,,,53,66,,10.1007/BF00007858,,,28,1.08,0,0,0,0,0,0,0,0,0,0,0,0,0,0,0,0,0,0,0,0,0,0,0,0,0,1,0,0,1,0,1,3,1,1,2,0,3,0,0,0,4,1,1,2,0,3,0,1,3,0,0
Success rates of recruited tree species and their contribution to the structural development of reforested mangrove stands,"Bosire, J. O.; Dahdouh-Guebas, F.; Kairo, J. G.; Wartel, S.; Kazungu, J.; Koedam, N.",,,,MARINE ECOLOGY PROGRESS SERIES,2006,2006,325,,,,,85,91,,10.3354/meps325085,,,27,1.8,0,0,0,0,0,0,0,0,0,0,0,0,0,0,0,0,0,0,0,0,0,0,0,0,0,0,0,0,0,0,0,0,0,0,0,0,0,0,3,2,0,1,5,0,3,1,3,4,1,4,0
Benthic bacterial diversity and nutrient processes in mangroves: impact of deforestation,"Sjoling, S; Mohammed, SM; Lyimo, TJ; Kyaruzi, JJ",,,,ESTUARINE COASTAL AND SHELF SCIENCE,5-May,2005,63,3,,,,397,406,,10.1016/j.ecss.2004.12.002,3rd Scientific Symposium on Promoting Marine Science for Management in Eastern Africa,"OCT 15-18, 2003",27,1.69,0,0,0,0,0,0,0,0,0,0,0,0,0,0,0,0,0,0,0,0,0,0,0,0,0,0,0,0,0,0,0,0,0,0,0,0,0,2,1,1,1,5,3,1,3,2,0,1,5,2,0
Ecology and systematics of mangrove crabs of the genus Perisesarma (Crustacea : Brachyura : Sesarmidae) from East Africa,"Gillikin, DP; Schubart, CD",,,,ZOOLOGICAL JOURNAL OF THE LINNEAN SOCIETY,4-Jul,2004,141,3,,,,435,445,,10.1111/j.1096-3642.2004.00125.x,,,27,1.59,0,0,0,0,0,0,0,0,0,0,0,0,0,0,0,0,0,0,0,0,0,0,0,0,0,0,0,0,0,0,0,0,0,0,0,1,2,0,2,2,3,3,1,2,2,1,0,3,2,3,0
Applying Climate Compatible Development and economic valuation to coastal management: A case study of Kenya's mangrove forests,"Huxham, Mark; Emerton, Lucy; Kairo, James; Munyi, Fridah; Abdirizak, Hassan; Muriuki, Tabitha; Nunan, Fiona; Briers, Robert A.",,,,JOURNAL OF ENVIRONMENTAL MANAGEMENT,JUL 1 2015,2015,157,,,,,168,181,,10.1016/j.jenvman.2015.04.018,,,26,4.33,0,0,0,0,0,0,0,0,0,0,0,0,0,0,0,0,0,0,0,0,0,0,0,0,0,0,0,0,0,0,0,0,0,0,0,0,0,0,0,0,0,0,0,0,0,1,7,3,8,7,0
"Allometry and biomass distribution in replanted mangrove plantations at Gazi Bay, Kenya","Kairo, J. G.; Bosire, J.; Langat, J.; Kirui, B.; Koedam, N.",,,,AQUATIC CONSERVATION-MARINE AND FRESHWATER ECOSYSTEMS,9-Jul,2009,19,,,,,S63,S69,,10.1002/aqc.1046,5th Western-Indian-Ocean-Marine-Science-Association Symposium (WIOMSA),"OCT 22-26, 2007",25,2.08,0,0,0,0,0,0,0,0,0,0,0,0,0,0,0,0,0,0,0,0,0,0,0,0,0,0,0,0,0,0,0,0,0,0,0,0,0,0,0,0,0,0,2,2,4,3,5,4,3,2,0
Digital terrain modelling to investigate the effects of sea level rise on mangrove propagule establishment,"Di Nitto, D.; Dahdouh-Guebas, F.; Kairo, J. G.; Decleir, H.; Koedam, N.",,,,MARINE ECOLOGY PROGRESS SERIES,2008,2008,356,,,,,175,188,,10.3354/meps07228,7th International Symposium on GIS and Computer Cartography for Coastal Zone Management,"JUL 12-16, 2006",25,1.92,0,0,0,0,0,0,0,0,0,0,0,0,0,0,0,0,0,0,0,0,0,0,0,0,0,0,0,0,0,0,0,0,0,0,0,0,0,0,0,2,2,4,1,5,4,1,3,1,1,1,0
Relationship between sediment conditions and mangrove Rhizophora apiculata seedling growth and nutrient status,"Duarte, CM; Geertz-Hansen, O; Thampanya, U; Terrados, J; Fortes, MD; Kamp-Nielsen, L; Borum, J; Boromthanarath, S",,,,MARINE ECOLOGY PROGRESS SERIES,1998,1998,175,,,,,277,283,,10.3354/meps175277,,,25,1.09,0,0,0,0,0,0,0,0,0,0,0,0,0,0,0,0,0,0,0,0,0,0,0,0,0,0,0,0,0,0,1,1,1,2,2,0,1,1,0,1,0,1,0,1,2,2,2,2,2,3,0
ENVIRONMENTAL-FACTORS INFLUENCING THE ZONATION AND ACTIVITY PATTERNS OF A POPULATION OF PERIOPHTHALMUS-SOBRINUS EGGERT IN A KENYAN MANGROVE,"COLOMBINI, I; BERTI, R; ERCOLINI, A; NOCITA, A; CHELAZZI, L",,,,JOURNAL OF EXPERIMENTAL MARINE BIOLOGY AND ECOLOGY,JUL 27 1995,1995,190,1,,,,135,149,,10.1016/0022-0981(95)00020-R,,,25,0.96,0,0,0,0,0,0,0,0,0,0,0,0,0,0,0,0,0,0,0,0,0,0,0,0,0,0,1,1,1,0,1,1,1,1,0,1,0,2,2,1,2,2,1,1,0,0,1,3,0,2,0
"Water circulation dynamics, water column nutrients and plankton productivity in a well-flushed tropical bay in Kenya","Kitheka, JU; Ohowa, BO; Mwashote, BM; Shimbira, WS; Mwaluma, JM; Kazungu, JM",,,,JOURNAL OF SEA RESEARCH,Jun-96,1996,35,4,,,,257,268,,10.1016/S1385-1101(96)90753-4,,,24,0.96,0,0,0,0,0,0,0,0,0,0,0,0,0,0,0,0,0,0,0,0,0,0,0,0,0,0,0,0,1,0,1,2,2,1,0,2,1,1,0,3,1,1,0,0,0,2,1,3,1,1,0
Water circulation and coastal trapping of brackish water in a tropical mangrove-dominated bay in Kenya,"Kitheka, JU",,,,LIMNOLOGY AND OCEANOGRAPHY,Jan-96,1996,41,1,,,,169,176,,10.4319/lo.1996.41.1.0169,,,24,0.96,0,0,0,0,0,0,0,0,0,0,0,0,0,0,0,0,0,0,0,0,0,0,0,0,0,0,1,1,1,0,0,1,1,1,0,1,2,1,0,0,1,1,1,1,3,3,0,1,1,2,0
The role of wind in hydrochorous mangrove propagule dispersal,"Van der Stocken, T.; De Ryck, D. J. R.; Balke, T.; Bouma, T. J.; Dahdouh-Guebas, F.; Koedam, N.",,,,BIOGEOSCIENCES,2013,2013,10,6,,,,3635,3647,,10.5194/bg-10-3635-2013,,,23,2.88,0,0,0,0,0,0,0,0,0,0,0,0,0,0,0,0,0,0,0,0,0,0,0,0,0,0,0,0,0,0,0,0,0,0,0,0,0,0,0,0,0,0,0,0,4,3,2,7,4,3,0
"Community structure and temporal variability of juvenile fish assemblages in natural and replanted mangroves, Sonneratia alba Sm., of Gazi Bay, Kenya","Crona, B. I.; Ronnback, R.",,,,ESTUARINE COASTAL AND SHELF SCIENCE,7-Aug,2007,74,2-Jan,,,,44,52,,10.1016/j.ecss.2007.03.023,,,22,1.57,0,0,0,0,0,0,0,0,0,0,0,0,0,0,0,0,0,0,0,0,0,0,0,0,0,0,0,0,0,0,0,0,0,0,0,0,0,1,2,1,4,0,2,2,3,2,1,2,1,1,0
An ordination study to view vegetation structure dynamics in disturbed and undisturbed mangrove forests in Kenya and Sri Lanka,"Dahdouh-Guebas, F; Kairo, JG; Jayatissa, LP; Cannicci, S; Koedam, N",,,,PLANT ECOLOGY,2-Jul,2002,161,1,,,,123,135,,10.1023/A:1020333706650,,,22,1.16,0,0,0,0,0,0,0,0,0,0,0,0,0,0,0,0,0,0,0,0,0,0,0,0,0,0,0,0,0,0,0,0,0,1,2,1,1,1,4,1,0,3,1,1,4,0,0,0,1,1,0
"Comparative anatomy of intervessel pits in two mangrove species growing along a natural salinity gradient in Gazi Bay, Kenya","Schmitz, Nele; Jansen, Steven; Verheyden, Anouk; Kairo, James Gitundu; Beeckman, Hans; Koedam, Nico",,,,ANNALS OF BOTANY,7-Aug,2007,100,2,,,,271,281,,10.1093/aob/mcm103,,,21,1.5,0,0,0,0,0,0,0,0,0,0,0,0,0,0,0,0,0,0,0,0,0,0,0,0,0,0,0,0,0,0,0,0,0,0,0,0,0,0,3,3,0,2,2,2,0,2,1,1,2,3,0
"Mangrove ecosystem dynamics and elemental cycling at Twin Cays, Belize, during the Holocene","Wooller, MJ; Ehling, H; Smallwood, BJ; Fogel, M",,,,JOURNAL OF QUATERNARY SCIENCE,4-Oct,2004,19,7,,,,703,711,,10.1002/jqs.877,Symposium on Late Quaternary Ecosystem Dynamics and Carbon Cycling in the Tropics held at the 16th INQUA Congress,"JUL 23-30, 2003",21,1.24,0,0,0,0,0,0,0,0,0,0,0,0,0,0,0,0,0,0,0,0,0,0,0,0,0,0,0,0,0,0,0,0,0,0,0,0,0,1,2,2,1,3,2,4,1,2,0,0,3,0,0
"ECOMORPHOLOGY OF CRASSOSTREA-CUCULLATA (BORN, 1778) (OSTREIDAE) IN A MANGROVE CREEK (GAZI, KENYA)","TACK, JF; VANDENBERGHE, E; POLK, P",,,,HYDROBIOLOGIA,NOV 20 1992,1992,247,3-Jan,,,,109,117,,10.1007/BF00008209,,,21,0.72,0,0,0,0,0,0,0,0,0,0,0,0,0,0,0,0,0,0,0,0,0,0,0,0,0,0,0,0,0,1,1,2,0,1,0,1,0,0,2,0,1,1,2,0,2,2,2,1,0,2,0
MACROALGAE ASSOCIATED WITH THE MANGROVE VEGETATION OF GAZI BAY (KENYA),"COPPEJANS, E; GALLIN, E",,,,BULLETIN DE LA SOCIETE ROYALE DE BOTANIQUE DE BELGIQUE,1989,1989,122,1,,,,47,60,,,,,21,0.66,0,0,0,0,0,0,0,0,0,0,0,0,0,0,0,0,0,0,0,0,2,0,1,1,1,1,2,1,0,1,1,1,2,1,0,1,0,1,0,0,0,0,0,0,1,0,2,0,1,0,0
How to catch the patch? A dendrometer study of the radial increment through successive cambia in the mangrove Avicennia,"Robert, Elisabeth M. R.; Jambia, Abudhabi H.; Schmitz, Nele; De Ryck, Dennis J. R.; De Mey, Johan; Kairo, James G.; Dahdouh-Guebas, Farid; Beeckman, Hans; Koedam, Nico",,,,ANNALS OF BOTANY,14-Mar,2014,113,4,,,,741,752,,10.1093/aob/mcu001,,,20,2.86,0,0,0,0,0,0,0,0,0,0,0,0,0,0,0,0,0,0,0,0,0,0,0,0,0,0,0,0,0,0,0,0,0,0,0,0,0,0,0,0,0,0,0,0,1,3,4,1,2,9,0
"Integrating local ecological knowledge and management practices of an isolated semi-arid papyrus swamp (Loboi, Kenya) into a wider conservation framework","Terer, Taita; Muasya, A. Muthama; Dahdouh-Guebas, Farid; Ndiritu, George G.; Triest, Ludwig",,,,JOURNAL OF ENVIRONMENTAL MANAGEMENT,12-Jan,2012,93,1,,,,71,84,,10.1016/j.jenvman.2011.08.005,,,20,2.22,0,0,0,0,0,0,0,0,0,0,0,0,0,0,0,0,0,0,0,0,0,0,0,0,0,0,0,0,0,0,0,0,0,0,0,0,0,0,0,0,0,0,1,2,3,2,2,3,4,3,0
Stable isotope records from otoliths as tracers of fish migration in a mangrove system,"Huxham, M.; Kimani, E.; Newton, J.; Augley, J.",,,,JOURNAL OF FISH BIOLOGY,7-May,2007,70,5,,,,1554,1567,,10.1111/j.1095-8649.2007.01443.x,,,20,1.43,0,0,0,0,0,0,0,0,0,0,0,0,0,0,0,0,0,0,0,0,0,0,0,0,0,0,0,0,0,0,0,0,0,0,0,0,0,0,1,1,4,4,1,2,1,2,1,0,2,1,0
Pneumatophore height and density in relation to micro-topography in the grey mangrove Avicennia marina,"Dahdouh-Guebas, Farid; Kairo, James G.; De Bondt, Ruth; Koedam, Nico",,,,BELGIAN JOURNAL OF BOTANY,2007,2007,140,2,,,,213,221,,,,,20,1.43,0,0,0,0,0,0,0,0,0,0,0,0,0,0,0,0,0,0,0,0,0,0,0,0,0,0,0,0,0,0,0,0,0,0,0,0,0,0,0,0,3,3,1,2,1,3,1,2,3,1,0
Dynamics of suspended sediment exchange and transport in a degraded mangrove creek in Kenya,"Kitheka, JU; Ongwenyi, GS; Mavuti, KM",,,,AMBIO,2-Dec,2002,31,8-Jul,,,,580,587,,10.1639/0044-7447(2002)031[0580:DOSSEA]2.0.CO;2,,,20,1.05,0,0,0,0,0,0,0,0,0,0,0,0,0,0,0,0,0,0,0,0,0,0,0,0,0,0,0,0,0,0,0,0,0,0,0,1,1,1,1,1,1,0,2,2,3,2,0,1,3,1,0
REGENERATION STRATEGY OF MANGROVES ALONG THE KENYA COAST - A 1ST APPROACH,"VANSPEYBROECK, D",,,,HYDROBIOLOGIA,NOV 20 1992,1992,247,3-Jan,,,,243,251,,10.1007/BF00008225,INTERNATIONAL SYMP ON THE ECOLOGY OF MANGROVE AND RELATED ECOSYSTEMS,"SEP 24-30, 1990",20,0.69,0,0,0,0,0,0,0,0,0,0,0,0,0,0,0,0,0,0,0,0,0,0,0,0,0,0,3,1,1,1,1,2,2,0,1,0,1,0,1,0,0,2,0,1,1,1,0,0,0,1,0
Mangrove growth rings: fact or fiction?,"Robert, Elisabeth M. R.; Schmitz, Nele; Okello, Judith Auma; Boeren, Ilse; Beeckman, Hans; Koedam, Nico",,,,TREES-STRUCTURE AND FUNCTION,11-Feb,2011,25,1,,,,49,58,,10.1007/s00468-010-0487-9,,,19,1.9,0,0,0,0,0,0,0,0,0,0,0,0,0,0,0,0,0,0,0,0,0,0,0,0,0,0,0,0,0,0,0,0,0,0,0,0,0,0,0,0,0,0,1,1,6,0,3,2,2,4,0
"Size-dependent distribution and feeding habits of Terebralia palustris in mangrove habitats of Gazi Bay, Kenya","Pape, Ellen; Muthumbi, Agnes; Kamanu, Chomba Peter; Vanreusel, Ann",,,,ESTUARINE COASTAL AND SHELF SCIENCE,MAR 1 2008,2008,76,4,,,,797,808,,10.1016/j.ecss.2007.08.007,,,19,1.46,0,0,0,0,0,0,0,0,0,0,0,0,0,0,0,0,0,0,0,0,0,0,0,0,0,0,0,0,0,0,0,0,0,0,0,0,0,0,0,2,1,0,2,1,2,0,0,6,2,3,0
Capacity building in tropical coastal resource monitoring in developing countries: A re-appreciation of the oldest remote sensing method,"Dahdouh-Guebas, F.; Verheyden, A.; Kairo, J. G.; Jayatissa, L. P.; Koedam, N.",,,,INTERNATIONAL JOURNAL OF SUSTAINABLE DEVELOPMENT AND WORLD ECOLOGY,6-Feb,2006,13,1,,,,62,76,,10.1080/13504500609469662,,,19,1.27,0,0,0,0,0,0,0,0,0,0,0,0,0,0,0,0,0,0,0,0,0,0,0,0,0,0,0,0,0,0,0,0,0,0,0,0,0,0,2,0,0,2,2,4,2,1,1,2,2,1,0
Propagating uncertainty to estimates of above-ground biomass for Kenyan mangroves: A scaling procedure from tree to landscape level,"Cohen, R.; Kaino, J.; Okello, J. A.; Bosire, J. O.; Kairo, J. G.; Huxham, M.; Mencuccini, M.",,,,FOREST ECOLOGY AND MANAGEMENT,DEC 15 2013,2013,310,,,,,968,982,,10.1016/j.foreco.2013.09.047,,,18,2.25,0,0,0,0,0,0,0,0,0,0,0,0,0,0,0,0,0,0,0,0,0,0,0,0,0,0,0,0,0,0,0,0,0,0,0,0,0,0,0,0,0,0,0,0,1,5,1,7,3,1,0
Long-term mangrove forest development in Sri Lanka: early predictions evaluated against outcomes using VHR remote sensing and VHR ground-truth data,"Satyanarayana, Behara; Koedam, Nico; De Smet, Kriki; Di Nitto, Diana; Bauwens, Maite; Jayatissa, Loku Pulukkuttige; Cannicci, Stefano; Dahdouh-Guebas, Farid",,,,MARINE ECOLOGY PROGRESS SERIES,2011,2011,443,,,,,51,63,,10.3354/meps09397,,,18,1.8,0,0,0,0,0,0,0,0,0,0,0,0,0,0,0,0,0,0,0,0,0,0,0,0,0,0,0,0,0,0,0,0,0,0,0,0,0,0,0,0,0,0,1,3,3,1,0,2,5,3,0
Does the wood-borer Sphaeroma terebrans (Crustacea) shape the distribution of the mangrove Rhizophora mucronata?,"Svavarsson, J; Osore, MKW; Olafsson, E",,,,AMBIO,2-Dec,2002,31,8-Jul,,,,574,579,,10.1639/0044-7447(2002)031[0574:DTWBST]2.0.CO;2,,,18,0.95,0,0,0,0,0,0,0,0,0,0,0,0,0,0,0,0,0,0,0,0,0,0,0,0,0,0,0,0,0,0,0,0,0,0,3,1,1,2,3,0,0,0,0,0,3,1,1,1,0,2,0
"Feeding, temporal, and spatial preferences of Metopograpsus thukuhar (Decapoda; Grapsidae): An opportunistic mangrove dweller","Fratini, S; Cannicci, S; Abincha, LM; Vannini, M",,,,JOURNAL OF CRUSTACEAN BIOLOGY,May-00,2000,20,2,,,,326,333,,10.1651/0278-0372(2000)020[0326:FTASPO]2.0.CO;2,,,18,0.86,0,0,0,0,0,0,0,0,0,0,0,0,0,0,0,0,0,0,0,0,0,0,0,0,0,0,0,0,0,0,0,0,1,3,0,1,0,0,1,1,1,3,1,1,1,1,0,0,2,1,0
Groundwater outflow and its linkage to coastal circulation in a mangrove-fringed creek in Kenya,"Kitheka, JU",,,,ESTUARINE COASTAL AND SHELF SCIENCE,Jul-98,1998,47,1,,,,63,75,,10.1006/ecss.1998.0325,,,18,0.78,0,0,0,0,0,0,0,0,0,0,0,0,0,0,0,0,0,0,0,0,0,0,0,0,0,0,0,0,0,1,1,1,2,2,3,0,2,0,1,1,0,1,1,0,1,0,0,0,1,0,0
"Tree-climbing behaviour of Cerithidea decollata, a western Indian Ocean mangrove gastropod (Mollusca : Potamididae)","Vannini, Marco; Rorandelli, Rocco; Lahteenoja, Outi; Mrabu, Elisha; Fratini, Sara",,,,JOURNAL OF THE MARINE BIOLOGICAL ASSOCIATION OF THE UNITED KINGDOM,6-Dec,2006,86,6,,,,1429,1436,,10.1017/S0025315406014470,,,17,1.13,0,0,0,0,0,0,0,0,0,0,0,0,0,0,0,0,0,0,0,0,0,0,0,0,0,0,0,0,0,0,0,0,0,0,0,0,0,0,4,1,0,0,1,4,4,1,0,1,0,1,0
"Leaf consumption by Sesarma plicata in a mangrove forest at Jiulongjiang Estuary, China","Chen, Guang-Cheng; Ye, Yong",,,,MARINE BIOLOGY,8-Jul,2008,154,6,,,,997,1007,,10.1007/s00227-008-0990-3,,,16,1.23,0,0,0,0,0,0,0,0,0,0,0,0,0,0,0,0,0,0,0,0,0,0,0,0,0,0,0,0,0,0,0,0,0,0,0,0,0,0,1,0,3,2,0,3,0,1,1,2,1,2,0
"Influence of species richness and environmental context on early survival of replanted mangroves at Gazi bay, Kenya","Kirui, Bernard Y. K.; Huxham, Mark; Kairo, James; Skov, Martin",,,,HYDROBIOLOGIA,8-May,2008,603,,,,,171,181,,10.1007/s10750-007-9270-3,,,16,1.23,0,0,0,0,0,0,0,0,0,0,0,0,0,0,0,0,0,0,0,0,0,0,0,0,0,0,0,0,0,0,0,0,0,0,0,0,0,0,1,0,4,1,2,1,2,1,0,0,4,0,0
Factors influencing the growth rates of three commercial eucheumoids at coastal sites in Southern Kenya,"Wakibia, J. G.; Bolton, J. J.; Keats, D. W.; Raitt, L. M.",,,,JOURNAL OF APPLIED PHYCOLOGY,6-Oct,2006,18,5-Mar,,,,565,573,,10.1007/s10811-006-9058-2,,,16,1.07,0,0,0,0,0,0,0,0,0,0,0,0,0,0,0,0,0,0,0,0,0,0,0,0,0,0,0,0,0,0,0,0,0,0,0,0,0,0,0,4,1,3,2,1,1,2,2,0,0,0,0
"The implications of harvesting on the population structure and sediment characteristics of the mangroves at Mngazana Estuary, Eastern Cape, South Africa","Rajkaran, A.; Adams, J. B.",,,,WETLANDS ECOLOGY AND MANAGEMENT,10-Feb,2010,18,1,,,,79,89,,10.1007/s11273-009-9150-x,,,15,1.36,0,0,0,0,0,0,0,0,0,0,0,0,0,0,0,0,0,0,0,0,0,0,0,0,0,0,0,0,0,0,0,0,0,0,0,0,0,0,0,1,0,0,1,2,1,3,4,1,2,0,0
Resource availability and meiofauna in sediment of tropical seagrass beds: Local versus global trends,"De Troch, M; Van Gansbeke, D; Vincx, M",,,,MARINE ENVIRONMENTAL RESEARCH,6-Feb,2006,61,1,,,,59,73,,10.1016/j.marenvres.2005.05.003,,,15,1,0,0,0,0,0,0,0,0,0,0,0,0,0,0,0,0,0,0,0,0,0,0,0,0,0,0,0,0,0,0,0,0,0,0,0,0,0,2,2,2,1,3,2,0,1,1,1,0,0,0,0
"Remote sensing and ethnobotanical assessment of the Mangrove forest changes in the Navachiste-San Ignacio-Macapule lagoon complex, Sinaloa, Mexico","Cornejo, RH; Koedam, N; Luna, AR; Troell, M; Dahdouh-Guebas, F",,,,ECOLOGY AND SOCIETY,5-Jun,2005,10,1,,,,,,16,,,,15,0.94,0,0,0,0,0,0,0,0,0,0,0,0,0,0,0,0,0,0,0,0,0,0,0,0,0,0,0,0,0,0,0,0,0,0,0,1,0,0,1,1,0,2,1,0,2,1,1,0,4,1,0
The infaunal macrobenthos under east African Ceriops tagal mangroves impacted by epibenthos,"Schrijvers, J; Camargo, MG; Pratiwi, R; Vincx, M",,,,JOURNAL OF EXPERIMENTAL MARINE BIOLOGY AND ECOLOGY,APR 1 1998,1998,222,2-Jan,,,,175,193,,10.1016/S0022-0981(97)00144-5,,,15,0.65,0,0,0,0,0,0,0,0,0,0,0,0,0,0,0,0,0,0,0,0,0,0,0,0,0,0,0,0,0,0,0,1,1,0,0,2,1,1,4,1,0,1,0,1,1,0,0,0,0,1,0
New Desmodoridae (Nematoda: Desmodoroidea): Three new species from Ceriops mangrove sediments (Kenya) and one related new species from the North Sea,"Muthumbi, A; Verschelde, D; Vincx, M",,,,CAHIERS DE BIOLOGIE MARINE,1995,1995,36,3,,,,181,195,,,,,15,0.58,0,0,0,0,0,0,0,0,0,0,0,0,0,0,0,0,0,0,0,0,0,0,0,0,0,0,1,0,1,0,0,1,0,1,0,0,1,0,0,2,0,0,0,0,2,1,1,3,0,1,0
Gendered perspectives of ecosystem services: A systematic review,"Yang, Y. C. Ethan; Passarelli, Simone; Lovell, Robin J.; Ringler, Claudia",,,,ECOSYSTEM SERVICES,18-Jun,2018,31,,A,,,58,67,,10.1016/j.ecoser.2018.03.015,,,14,4.67,0,0,0,0,0,0,0,0,0,0,0,0,0,0,0,0,0,0,0,0,0,0,0,0,0,0,0,0,0,0,0,0,0,0,0,0,0,0,0,0,0,0,0,0,0,0,0,0,0,12,2
Procedures for quantification of belowground biomass of three mangrove tree species,"Njana, Marco Andrew; Eid, Tron; Zahabu, Eliakimu; Malimbwi, Rogers",,,,WETLANDS ECOLOGY AND MANAGEMENT,15-Aug,2015,23,4,,,,749,764,,10.1007/s11273-015-9417-3,,,14,2.33,0,0,0,0,0,0,0,0,0,0,0,0,0,0,0,0,0,0,0,0,0,0,0,0,0,0,0,0,0,0,0,0,0,0,0,0,0,0,0,0,0,0,0,0,0,0,3,3,8,0,0
Interaction between Water and Wind as a Driver of Passive Dispersal in Mangroves,"Van der Stocken, Tom; Vanschoenwinkel, Bram; De Ryck, Dennis J. R.; Bouma, Tjeerd J.; Dahdouh-Guebas, Farid; Koedam, Nico",,,,PLOS ONE,MAR 26 2015,2015,10,3,,,,,,e0121593,10.1371/journal.pone.0121593,,,14,2.33,0,0,0,0,0,0,0,0,0,0,0,0,0,0,0,0,0,0,0,0,0,0,0,0,0,0,0,0,0,0,0,0,0,0,0,0,0,0,0,0,0,0,0,0,0,1,0,7,3,3,0
"The effects of environmental variables on mortality and growth of mangroves at Mngazana Estuary, Eastern Cape, South Africa","Rajkaran, Anusha; Adams, Janine",,,,WETLANDS ECOLOGY AND MANAGEMENT,12-Aug,2012,20,4,,,,297,312,,10.1007/s11273-012-9254-6,,,14,1.56,0,0,0,0,0,0,0,0,0,0,0,0,0,0,0,0,0,0,0,0,0,0,0,0,0,0,0,0,0,0,0,0,0,0,0,0,0,0,0,0,0,0,0,0,1,4,4,2,0,3,0
"Trends in exploitation, development and management of artisanal mud crab (Scylla serrata-Forsskal-1775) fishery and small-scale culture in Kenya: An overview","Mirera, O. David",,,,OCEAN & COASTAL MANAGEMENT,11-Nov,2011,54,11,,,,844,855,,10.1016/j.ocecoaman.2011.08.001,,,14,1.4,0,0,0,0,0,0,0,0,0,0,0,0,0,0,0,0,0,0,0,0,0,0,0,0,0,0,0,0,0,0,0,0,0,0,0,0,0,0,0,0,0,0,0,2,3,2,1,2,2,2,0
Murky water: Analyzing risk perception and stakeholder vulnerability related to sewage impacts in mangroves of East Africa,"Crona, Beatrice I.; Ronnback, Patrik; Jiddawi, Narriman; Ochiewo, Jacob; Maghimbi, Sam; Bandeira, Salomao",,,,GLOBAL ENVIRONMENTAL CHANGE-HUMAN AND POLICY DIMENSIONS,9-May,2009,19,2,,,SI,227,239,,10.1016/j.gloenvcha.2009.01.001,,,14,1.17,0,0,0,0,0,0,0,0,0,0,0,0,0,0,0,0,0,0,0,0,0,0,0,0,0,0,0,0,0,0,0,0,0,0,0,0,0,0,0,1,0,2,2,3,0,0,1,1,2,2,0
Fluxes and exchange of suspended sediment in tidal inlets draining a degraded mangrove forest in Kenya,"Kitheka, JU; Ongwenyi, GS; Mavuti, KM",,,,ESTUARINE COASTAL AND SHELF SCIENCE,3-Mar,2003,56,4-Mar,,,,655,667,,10.1016/S0272-7714(02)00217-2,,,14,0.78,0,0,0,0,0,0,0,0,0,0,0,0,0,0,0,0,0,0,0,0,0,0,0,0,0,0,0,0,0,0,0,0,0,0,0,0,2,0,0,3,0,2,1,2,1,1,1,0,1,0,0
The Indian Ocean coast of Somalia,"Carbone, F; Accordi, G",,,,MARINE POLLUTION BULLETIN,JAN-JUN 2000,2000,41,6-Jan,,,,141,159,,10.1016/S0025-326X(00)00107-7,,,14,0.67,0,0,0,0,0,0,0,0,0,0,0,0,0,0,0,0,0,0,0,0,0,0,0,0,0,0,0,0,0,0,0,0,0,0,0,0,2,1,0,0,0,0,2,1,0,0,3,4,0,1,0
Preliminary report on stable isotope ratio analysis for samples from Matang mangrove brackish water ecosystems,"Hayase, S; Ichikawa, T; Tanaka, K",,,,JARQ-JAPAN AGRICULTURAL RESEARCH QUARTERLY,Jul-99,1999,33,3,,,,215,221,,,,,14,0.64,0,0,0,0,0,0,0,0,0,0,0,0,0,0,0,0,0,0,0,0,0,0,0,0,0,0,0,0,0,0,0,1,1,1,1,0,0,1,1,0,0,0,1,0,1,3,1,1,1,0,0
A new species of the genus Parasesarma De Man 1895 from East African mangroves and evidence for mitochondrial introgression in sesarmid crabs,"Cannicci, Stefano; Schubart, Christoph D.; Innocenti, Gianna; Dahdouh-Guebas, Farid; Shandadi, Adnan; Fratini, Sara",,,,ZOOLOGISCHER ANZEIGER,2017,2017,269,,,,,89,99,,10.1016/j.jcz.2017.08.002,,,13,3.25,0,0,0,0,0,0,0,0,0,0,0,0,0,0,0,0,0,0,0,0,0,0,0,0,0,0,0,0,0,0,0,0,0,0,0,0,0,0,0,0,0,0,0,0,0,0,0,0,4,9,0
What regulates crab predation on mangrove propagules?,"Van Nedervelde, Fleur; Cannicci, Stefano; Koedam, Nico; Bosire, Jared; Dahdouh-Guebas, Farid",,,,ACTA OECOLOGICA-INTERNATIONAL JOURNAL OF ECOLOGY,15-Feb,2015,63,,,,,63,70,,10.1016/j.actao.2014.11.006,,,13,2.17,0,0,0,0,0,0,0,0,0,0,0,0,0,0,0,0,0,0,0,0,0,0,0,0,0,0,0,0,0,0,0,0,0,0,0,0,0,0,0,0,0,0,0,0,0,1,1,4,4,3,0
Decomposing mangrove litter supports a microbial biofilm with potential nutritive value to penaeid shrimp post larvae,"Gatune, Charles; Vanreusel, Ann; Cnudde, Clio; Ruwa, Renison; Bossier, Peter; De Troch, Marleen",,,,JOURNAL OF EXPERIMENTAL MARINE BIOLOGY AND ECOLOGY,SEP 1 2012,2012,426,,,,,28,38,,10.1016/j.jembe.2012.05.015,,,13,1.44,0,0,0,0,0,0,0,0,0,0,0,0,0,0,0,0,0,0,0,0,0,0,0,0,0,0,0,0,0,0,0,0,0,0,0,0,0,0,0,0,0,0,0,0,3,1,3,1,3,2,0
"Use of space and habitat by elephants (Loxodonta africana) in the Maputo Elephant Reserve, Mozambique","Ntumi, CP; van Aarde, RJ; Fairall, N; de Boer, WF",,,,SOUTH AFRICAN JOURNAL OF WILDLIFE RESEARCH,5-Oct,2005,35,2,,,,139,146,,,,,13,0.81,0,0,0,0,0,0,0,0,0,0,0,0,0,0,0,0,0,0,0,0,0,0,0,0,0,0,0,0,0,0,0,0,0,0,0,0,0,2,2,1,1,0,1,3,0,1,0,1,0,1,0
Tracing geographical patterns of population differentiation in a widespread mangrove gastropod: genetic and geometric morphometrics surveys along the eastern African coast,"Madeira, Carolina; Alves, Maria Judite; Mesquita, Natacha; Silva, Sara Ema; Paula, Jose",,,,BIOLOGICAL JOURNAL OF THE LINNEAN SOCIETY,12-Nov,2012,107,3,,,,647,663,,10.1111/j.1095-8312.2012.01967.x,,,12,1.33,0,0,0,0,0,0,0,0,0,0,0,0,0,0,0,0,0,0,0,0,0,0,0,0,0,0,0,0,0,0,0,0,0,0,0,0,0,0,0,0,0,0,0,1,2,0,1,3,3,2,0
Recent foraminiferal assemblages from mixed carbonate-siliciclastic sediments of southern Somalia and eastern Kenya,"Pignatti, Johannes; Frezza, Virgilio; Benedetti, Andrea; Carbone, Federico; Accordi, Giovanni; Matteucci, Ruggero",,,,ITALIAN JOURNAL OF GEOSCIENCES,12-Feb,2012,131,1,,,,47,65,,10.3301/IJG.2011.22,,,12,1.33,0,0,0,0,0,0,0,0,0,0,0,0,0,0,0,0,0,0,0,0,0,0,0,0,0,0,0,0,0,0,0,0,0,0,0,0,0,0,0,0,0,0,0,2,0,0,1,4,2,3,0
"A review of the genera Croconema Cobb, 1920 and Pseudochromadora Daday, 1899 (Nematoda, Desmodoroidea): New species from the coasts of Kenya and Australia","Verschelde, D.; Nicholas, W.; Vincx, M.",,,,HYDROBIOLOGIA,6-Nov,2006,571,,,,,17,40,,10.1007/s10750-006-0194-0,,,12,0.8,0,0,0,0,0,0,0,0,0,0,0,0,0,0,0,0,0,0,0,0,0,0,0,0,0,0,0,0,0,0,0,0,0,0,0,0,0,0,0,0,1,0,0,2,2,4,0,0,2,1,0
Sources and fate of organic matter in Khung Krabaen Bay (Thailand) as traced by delta C-13 and C/N atomic ratios,"Thimdee, W; Deein, G; Sangrungruang, C; Nishioka, J; Matsunaga, K",,,,WETLANDS,3-Dec,2003,23,4,,,,729,738,,10.1672/0277-5212(2003)023[0729:SAFOOM]2.0.CO;2,,,12,0.67,0,0,0,0,0,0,0,0,0,0,0,0,0,0,0,0,0,0,0,0,0,0,0,0,0,0,0,0,0,0,0,0,0,0,0,0,0,2,2,1,0,0,0,1,1,0,1,2,1,1,0
Quantitative aspects of inorganic nutrient fluxes in the Gazi Bay (Kenya): implications for coastal ecosystems,"Mwashote, BM; Jumba, IO",,,,MARINE POLLUTION BULLETIN,2-Nov,2002,44,11,,,,1194,1205,PII S0025-326X(02)00176-5,10.1016/S0025-326X(02)00176-5,,,12,0.63,0,0,0,0,0,0,0,0,0,0,0,0,0,0,0,0,0,0,0,0,0,0,0,0,0,0,0,0,0,0,0,0,0,0,0,1,1,3,1,2,0,0,0,1,0,2,1,0,0,0,0
Measuring the role of seagrasses in regulating sediment surface elevation,"Potouroglou, Maria; Bull, James C.; Krauss, Ken W.; Kennedy, Hilary A.; Fusi, Marco; Daffonchio, Daniele; Mangora, Mwita M.; Githaiga, Michael N.; Diele, Karen; Huxham, Mark",,,,SCIENTIFIC REPORTS,SEP 20 2017,2017,7,,,,,,,11917,10.1038/s41598-017-12354-y,,,11,2.75,0,0,0,0,0,0,0,0,0,0,0,0,0,0,0,0,0,0,0,0,0,0,0,0,0,0,0,0,0,0,0,0,0,0,0,0,0,0,0,0,0,0,0,0,0,0,0,0,4,7,0
Mangroves in peril: unprecedented degradation rates of peri-urban mangroves in Kenya,"Bosire, J. O.; Kaino, J. J.; Olagoke, A. O.; Mwihaki, L. M.; Ogendi, G. M.; Kairo, J. G.; Berger, U.; Macharia, D.",,,,BIOGEOSCIENCES,2014,2014,11,10,,,,2623,2634,,10.5194/bg-11-2623-2014,,,11,1.57,0,0,0,0,0,0,0,0,0,0,0,0,0,0,0,0,0,0,0,0,0,0,0,0,0,0,0,0,0,0,0,0,0,0,0,0,0,0,0,0,0,0,0,0,0,0,2,2,2,5,0
"Zooplankton composition and abundance in Mida Creek, Kenya","Osore, MKW; Mwaluma, JM; Fiers, F; Daro, MH",,,,ZOOLOGICAL STUDIES,4-Apr,2004,43,2,,,,415,424,,,8th International Conference on Copepoda,"JUL 21-26, 2002",11,0.65,0,0,0,0,0,0,0,0,0,0,0,0,0,0,0,0,0,0,0,0,0,0,0,0,0,0,0,0,0,0,0,0,0,0,0,0,0,2,0,2,0,1,2,1,1,0,0,1,1,0,0
"Burrowing activity in the sand-bubbler crab, Dotilla fenestrata (Crustacea, Ocypodidae), inhabiting a mangrove swamp in Kenya","Gherardi, F; Russo, S",,,,JOURNAL OF ZOOLOGY,1-Feb,2001,253,,2,,,211,223,,10.1017/S0952836901000188,,,11,0.55,0,0,0,0,0,0,0,0,0,0,0,0,0,0,0,0,0,0,0,0,0,0,0,0,0,0,0,0,0,0,0,0,1,1,1,0,0,1,0,0,0,1,1,0,0,2,0,1,2,0,0
"Dissolved inorganic nutrient fluxes from seasonal rivers into Gazi Bay, Kenya","Ohowa, BO; Mwashote, BM; Shimbira, WS",,,,ESTUARINE COASTAL AND SHELF SCIENCE,Aug-97,1997,45,2,,,,189,195,,10.1006/ecss.1996.0187,,,11,0.46,0,0,0,0,0,0,0,0,0,0,0,0,0,0,0,0,0,0,0,0,0,0,0,0,0,0,0,0,0,1,0,1,0,1,1,1,0,1,0,1,0,0,0,0,1,0,1,0,1,1,0
Dispersal limitation of the mangrove Avicennia marina at its South African range limit in strong contrast to connectivity in its core East African region,"De Ryck, Dennis J. R.; Koedam, Nico; Van der Stocken, Tom; van der Ven, Rosa M.; Adams, Janine; Triest, Ludwig",,,,MARINE ECOLOGY PROGRESS SERIES,MAR 8 2016,2016,545,,,,,123,134,,10.3354/meps11581,,,10,2,0,0,0,0,0,0,0,0,0,0,0,0,0,0,0,0,0,0,0,0,0,0,0,0,0,0,0,0,0,0,0,0,0,0,0,0,0,0,0,0,0,0,0,0,0,0,0,2,4,4,0
Evaluation of mangrove structure and condition in two trans-boundary areas in the Western Indian Ocean,"Bandeira, S. O.; Macamo, C. C. F.; Kairo, J. G.; Amade, F.; Jiddawi, N.; Paula, J.",,,,AQUATIC CONSERVATION-MARINE AND FRESHWATER ECOSYSTEMS,9-Jul,2009,19,,,1,SI,S46,S55,,10.1002/aqc.1044,5th Western-Indian-Ocean-Marine-Science-Association Symposium (WIOMSA),"OCT 22-26, 2007",10,0.83,0,0,0,0,0,0,0,0,0,0,0,0,0,0,0,0,0,0,0,0,0,0,0,0,0,0,0,0,0,0,0,0,0,0,0,0,0,0,0,0,1,1,1,1,0,0,2,1,2,1,0
"The function of wandering in the sand-bubbler crab, Dotilla fenestrata","Gherardi, F; Russo, S; Lazzara, L",,,,JOURNAL OF CRUSTACEAN BIOLOGY,2-Aug,2002,22,3,,,,521,531,,10.1651/0278-0372(2002)022[0521:TFOWIT]2.0.CO;2,,,10,0.53,0,0,0,0,0,0,0,0,0,0,0,0,0,0,0,0,0,0,0,0,0,0,0,0,0,0,0,0,0,0,0,0,0,0,0,1,0,0,0,1,1,0,1,0,0,1,2,0,2,1,0
"Mammals, fish otoliths and charophytes from the Lower Cyrena Beds (Oligocene) of the folded molasse of Bavaria (Murnau syncline)","Uhlig, U; Reichenbacher, B; Bassler, B",,,,ECLOGAE GEOLOGICAE HELVETIAE,2000,2000,93,3,,,,503,516,,,,,10,0.48,0,0,0,0,0,0,0,0,0,0,0,0,0,0,0,0,0,0,0,0,0,0,0,0,0,0,0,0,0,0,0,0,1,0,2,4,1,0,1,0,0,0,0,0,0,0,0,0,1,0,0
"The relationship between surface macrofauna and sediment nutrients in a mudflat of the Chuwei Mangrove forest, Taiwan","Cheng, IJ; Chang, PC",,,,BULLETIN OF MARINE SCIENCE,Nov-99,1999,65,3,,,,603,616,,,,,10,0.45,0,0,0,0,0,0,0,0,0,0,0,0,0,0,0,0,0,0,0,0,0,0,0,0,0,0,0,0,0,0,1,0,2,2,0,0,0,1,0,0,1,0,1,1,0,1,0,0,0,0,0
"Photosynthesis and related physiological processes in two mangrove species, Rhizophora mucronata and Ceriops tagal, at Gazi Bay, Kenya","Theuri, MM; Kinyamario, JI; Van Speybroeck, D",,,,AFRICAN JOURNAL OF ECOLOGY,Jun-99,1999,37,2,,,,180,193,,,,,10,0.45,0,0,0,0,0,0,0,0,0,0,0,0,0,0,0,0,0,0,0,0,0,0,0,0,0,0,0,0,0,0,0,0,1,0,2,1,0,0,0,2,1,1,0,0,0,0,2,0,0,0,0
"Carbon storage in the seagrass meadows of Gazi Bay, Kenya","Githaiga, Michael N.; Kairo, James G.; Gilpin, Linda; Huxham, Mark",,,,PLOS ONE,MAY 10 2017,2017,12,5,,,,,,e0177001,10.1371/journal.pone.0177001,,,9,2.25,0,0,0,0,0,0,0,0,0,0,0,0,0,0,0,0,0,0,0,0,0,0,0,0,0,0,0,0,0,0,0,0,0,0,0,0,0,0,0,0,0,0,0,0,0,0,0,0,4,5,0
"Mapping of ecosystem services flow in Mida Creek, Kenya","Awuor Owuor, Margaret; Icely, John; Newton, Alice; Nyunja, Judith; Otieno, Philip; Omondi Tuda, Arthur; Oduor, Nancy",,,,OCEAN & COASTAL MANAGEMENT,17-May,2017,140,,,,,11,21,,10.1016/j.ocecoaman.2017.02.013,,,9,2.25,0,0,0,0,0,0,0,0,0,0,0,0,0,0,0,0,0,0,0,0,0,0,0,0,0,0,0,0,0,0,0,0,0,0,0,0,0,0,0,0,0,0,0,0,0,0,0,1,4,3,1
"Evaluating, predicting and mapping belowground carbon stores in Kenyan mangroves","Gress, Selena K.; Huxham, Mark; Kairo, James G.; Mugi, Lilian M.; Briers, Robert A.",,,,GLOBAL CHANGE BIOLOGY,17-Jan,2017,23,1,,,,224,234,,10.1111/gcb.13438,,,9,2.25,0,0,0,0,0,0,0,0,0,0,0,0,0,0,0,0,0,0,0,0,0,0,0,0,0,0,0,0,0,0,0,0,0,0,0,0,0,0,0,0,0,0,0,0,0,0,0,2,3,4,0
Making predictions of mangrove deforestation: a comparison of two methods in Kenya,"Rideout, Alasdair J. R.; Joshi, Neha P.; Viergever, Karin M.; Huxham, Mark; Briers, Robert A.",,,,GLOBAL CHANGE BIOLOGY,13-Nov,2013,19,11,,,,3493,3501,,10.1111/gcb.12176,,,9,1.13,0,0,0,0,0,0,0,0,0,0,0,0,0,0,0,0,0,0,0,0,0,0,0,0,0,0,0,0,0,0,0,0,0,0,0,0,0,0,0,0,0,0,0,1,0,1,1,3,2,1,0
A STRUCTURAL AND COMPOSITIONAL ANALYSIS OF INTERVESSEL PIT MEMBRANES IN THE SAPWOOD OF SOME MANGROVE WOODS,"Schmitz, Nele; Koch, Gerald; Beeckman, Hans; Koedam, Nico; Robert, Elisabeth M. R.; Schmitt, Uwe",,,,IAWA JOURNAL,2012,2012,33,3,,,,243,256,,10.1163/22941932-90000091,,,9,1,0,0,0,0,0,0,0,0,0,0,0,0,0,0,0,0,0,0,0,0,0,0,0,0,0,0,0,0,0,0,0,0,0,0,0,0,0,0,0,0,0,0,0,1,1,0,1,4,2,0,0
Rhythmic vertical migration of the gastropod Cerithidea decollata in a Kenyan mangrove forest,"Vannini, Marco; Mrabu, Elisha; Cannicci, Stefano; Rorandelli, Rocco; Fratini, Sara",,,,MARINE BIOLOGY,8-Mar,2008,153,6,,,,1047,1053,,10.1007/s00227-007-0877-8,,,9,0.69,0,0,0,0,0,0,0,0,0,0,0,0,0,0,0,0,0,0,0,0,0,0,0,0,0,0,0,0,0,0,0,0,0,0,0,0,0,0,1,0,1,0,1,1,3,1,0,1,0,0,0
"Isotopic ratios and elemental contents as indicators of seagrass C processing and sewage influence in a tropical macrotidal ecosystem (Madagascar, Mozambique Channel)","Lepoint, Gilles; Frederich, Bruno; Gobert, Sylvie; Parmentier, Eric",,,,SCIENTIA MARINA,8-Mar,2008,72,1,,,,109,117,,,,,9,0.69,0,0,0,0,0,0,0,0,0,0,0,0,0,0,0,0,0,0,0,0,0,0,0,0,0,0,0,0,0,0,0,0,0,0,0,0,0,0,1,2,0,2,2,1,0,0,0,0,1,0,0
"New records for Parasesarma leptosoma (Hilgendorf, 1869) (Crustacea : Decapoda : Brachyura : Sesarmidae) from mangroves in Mozambique and South Africa","Emmerson, W; Cannicci, S; Porri, F",,,,AFRICAN ZOOLOGY,3-Oct,2003,38,2,,,,351,355,,,,,9,0.5,0,0,0,0,0,0,0,0,0,0,0,0,0,0,0,0,0,0,0,0,0,0,0,0,0,0,0,0,0,0,0,0,0,0,0,1,0,0,1,1,1,1,0,0,0,1,0,1,2,0,0
"Seagrass research in the eastern Africa region: emphasis on diversity, ecology and ecophysiology","Bandeira, SO; Bjork, M",,,,SOUTH AFRICAN JOURNAL OF BOTANY,1-Sep,2001,67,3,,,,420,425,,10.1016/S0254-6299(15)31158-3,Meeting on Marine Botany in the Western Indian Ocean,"DEC 12-16, 2000",9,0.45,0,0,0,0,0,0,0,0,0,0,0,0,0,0,0,0,0,0,0,0,0,0,0,0,0,0,0,0,0,0,0,0,2,1,0,0,1,0,0,0,1,1,1,0,0,0,1,0,0,1,0
"The epibenthos of the backwaters of a tropical mangrove creek (Tudor creek, Mombasa, Kenya)","Wakwabi, EO; Mees, J",,,,NETHERLANDS JOURNAL OF ZOOLOGY,Aug-99,1999,49,3,,,,189,206,,10.1163/156854299505696,,,9,0.41,0,0,0,0,0,0,0,0,0,0,0,0,0,0,0,0,0,0,0,0,0,0,0,0,0,0,0,0,0,0,0,0,1,0,0,2,2,0,1,0,0,1,1,0,1,0,0,0,0,0,0
Role of Godavari mangroves (India) in the production and survival of prawn larvae,"Mohan, PC; Rao, RG; Dehairs, F",,,,HYDROBIOLOGIA,DEC 22 1997,1997,358,,,,,317,320,,10.1023/A:1003105508328,International Symposium on Live Food Organisms and Marine Larviculture,"SEP 01-04, 1996",9,0.38,0,0,0,0,0,0,0,0,0,0,0,0,0,0,0,0,0,0,0,0,0,0,0,0,0,0,0,0,0,0,1,1,0,1,1,0,1,2,0,1,0,0,0,1,0,0,0,0,0,0,0
Cage experiments in an East African mangrove forest: a synthesis,"Schrijvers, J; Vincx, M",,,,JOURNAL OF SEA RESEARCH,Dec-97,1997,38,2-Jan,,,,123,133,,10.1016/S1385-1101(97)00037-3,,,9,0.38,0,0,0,0,0,0,0,0,0,0,0,0,0,0,0,0,0,0,0,0,0,0,0,0,0,0,0,0,0,0,0,0,0,0,0,0,0,2,1,1,0,3,0,0,1,1,0,0,0,0,0
"The effect of rainfall and tidal rhythm on the community structure and abundance of the zooplankton of Gazi Bay, Kenya","Osore, MKW; Tackx, MLM; Daro, MH",,,,HYDROBIOLOGIA,OCT 10 1997,1997,356,,,,,117,126,,10.1023/A:1003147525611,,,9,0.38,0,0,0,0,0,0,0,0,0,0,0,0,0,0,0,0,0,0,0,0,0,0,0,0,0,0,0,0,0,1,0,0,0,2,0,0,2,0,0,1,0,1,0,0,0,0,1,0,1,0,0
Resource competition between macrobenthic epifauna and infauna in a Kenyan Avicennia marina mangrove forest,"Schrijvers, J; Fermon, H; Vincx, M",,,,MARINE ECOLOGY PROGRESS SERIES,Jun-96,1996,136,3-Jan,,,,123,135,,10.3354/meps136123,,,8,0.32,0,0,0,0,0,0,0,0,0,0,0,0,0,0,0,0,0,0,0,0,0,0,0,0,0,0,0,1,1,0,0,1,1,0,1,0,0,0,1,1,0,0,0,0,0,0,1,0,0,0,0
"The mangrove forests as nursery habitats for the ichthyofauna of Mida Creek (Kenya, East Africa)","Gajdzik, Laura; Vanreusel, Ann; Koedam, Nico; Reubens, Jan; Muthumbi, Agnes Wangui N.",,,,JOURNAL OF THE MARINE BIOLOGICAL ASSOCIATION OF THE UNITED KINGDOM,14-Aug,2014,94,5,,,,865,877,,10.1017/S0025315414000290,,,7,1,0,0,0,0,0,0,0,0,0,0,0,0,0,0,0,0,0,0,0,0,0,0,0,0,0,0,0,0,0,0,0,0,0,0,0,0,0,0,0,0,0,0,0,0,0,2,0,2,2,1,0
"ASSESSMENT OF LITTER PRODUCTION IN SEMI-ARID MANGROVES FORESTS NEAR ACTIVE INDUS RIVER MOUTH (HAJAMBRO CREEK) AND KARACHI BACKWATERS, PAKISTAN","Farooqui, Zafar; Shafique, Seema; Khan, Khawer Latif; Ali, Amjad; Iqbal, Pervaiz; Siddiqui, Pirzada J. A.",,,,PAKISTAN JOURNAL OF BOTANY,12-Oct,2012,44,5,,,,1763,1768,,,,,7,0.78,0,0,0,0,0,0,0,0,0,0,0,0,0,0,0,0,0,0,0,0,0,0,0,0,0,0,0,0,0,0,0,0,0,0,0,0,0,0,0,0,0,0,0,1,1,2,0,2,1,0,0
"The fate of organic matter in a papyrus (Cyperus papyrus L.) dominated tropical wetland ecosystem in Nyanza Gulf (Lake Victoria, Kenya) inferred from delta C-13 and delta N-15 analysis","Gichuki, JW; Triest, L; Dehairs, F",,,,ISOTOPES IN ENVIRONMENTAL AND HEALTH STUDIES,5-Dec,2005,41,4,,,,379,390,,10.1080/10256010500384739,1st International Workshop on Stable Isotope Ratio Infrared Spectrometry (SIRIS),"SEP 06-08, 2004",7,0.44,0,0,0,0,0,0,0,0,0,0,0,0,0,0,0,0,0,0,0,0,0,0,0,0,0,0,0,0,0,0,0,0,0,0,0,0,0,0,1,0,1,0,1,1,2,0,0,0,1,0,0
"Leaf production, shoot demography, and flowering of Thalassodendron ciliatum along the east African coast","Kamermans, P; Hemminga, MA; Marba, N; Mateo, MA; Mtolera, M; Stapel, J",,,,AQUATIC BOTANY,1-Jul,2001,70,3,,,,243,258,,10.1016/S0304-3770(01)00156-5,,,7,0.35,0,0,0,0,0,0,0,0,0,0,0,0,0,0,0,0,0,0,0,0,0,0,0,0,0,0,0,0,0,0,0,0,1,2,0,1,0,0,0,0,0,1,1,0,0,0,0,0,0,1,0
"ACTIVITY PATTERNS IN THALAMITA-CRENATA (PORTUNIDAE, DECAPODA) - A SHAPING BY THE TIDAL CYCLES","VEZZOSI, R; BARBARESI, S; ANYONA, D; VANNINI, M",,,,MARINE BEHAVIOUR AND PHYSIOLOGY,1995,1995,24,4,,,,207,214,,,,,7,0.27,0,0,0,0,0,0,0,0,0,0,0,0,0,0,0,0,0,0,0,0,0,0,0,0,0,1,1,0,0,0,0,1,0,0,1,0,0,0,1,1,0,0,0,0,0,0,0,0,1,0,0
Ecological Restoration and Livelihood: Contribution of Planted Mangroves as Nursery and Habitat for Artisanal and Commercial Fishery,"Das, Saudamini",,,,WORLD DEVELOPMENT,17-Jun,2017,94,,,,SI,492,502,,10.1016/j.worlddev.2017.02.010,,,6,1.5,0,0,0,0,0,0,0,0,0,0,0,0,0,0,0,0,0,0,0,0,0,0,0,0,0,0,0,0,0,0,0,0,0,0,0,0,0,0,0,0,0,0,0,0,0,0,0,0,3,3,0
"Who gets the HANPP (Human Appropriation of Net Primary Production)? Biomass distribution and the bio-economy in the Tana Delta, Kenya","Temper, Leah",,,,JOURNAL OF POLITICAL ECOLOGY,2016,2016,23,,,,,410,433,,,,,6,1.2,0,0,0,0,0,0,0,0,0,0,0,0,0,0,0,0,0,0,0,0,0,0,0,0,0,0,0,0,0,0,0,0,0,0,0,0,0,0,0,0,0,0,0,0,0,0,2,1,1,2,0
"Comparative performance of wild juvenile mud crab (Scylla serrata) in different culture systems in East Africa: effect of shelter, crab size and stocking density","Mirera, David Oersted; Moksnes, Per-Olav",,,,AQUACULTURE INTERNATIONAL,15-Feb,2015,23,1,,,,155,173,,10.1007/s10499-014-9805-3,,,6,1,0,0,0,0,0,0,0,0,0,0,0,0,0,0,0,0,0,0,0,0,0,0,0,0,0,0,0,0,0,0,0,0,0,0,0,0,0,0,0,0,0,0,0,0,0,1,0,2,2,1,0
Vegetative and reproductive phenological traits of Rhizophora mucronata Lamk. and Sonneratia alba Sm.,"Wang'ondu, Virginia W.; Kairo, James G.; Kinyamario, Jenesio I.; Mwaura, Francis B.; Bosire, Jared O.; Dahdouh-Guebas, Farid; Koedam, Nico",,,,FLORA,2013,2013,208,9-Aug,,,,522,531,,10.1016/j.flora.2013.08.004,,,6,0.75,0,0,0,0,0,0,0,0,0,0,0,0,0,0,0,0,0,0,0,0,0,0,0,0,0,0,0,0,0,0,0,0,0,0,0,0,0,0,0,0,0,0,0,0,0,0,1,1,3,1,0
"Short-term mangrove browsing by feral water buffalo: conflict between natural resources, wildlife and subsistence interests?","Dahdouh-Guebas, F.; Vrancken, D.; Ravishankar, T.; Koedam, N.",,,,ENVIRONMENTAL CONSERVATION,6-Jun,2006,33,2,,,,157,163,,10.1017/S0376892906003080,,,6,0.4,0,0,0,0,0,0,0,0,0,0,0,0,0,0,0,0,0,0,0,0,0,0,0,0,0,0,0,0,0,0,0,0,0,0,0,0,0,1,2,0,0,0,1,1,1,0,0,0,0,0,0
Reduction of the Gibbs phenomenon applied on nonharmonic time base distortions,"De Ridder, F; Pintelon, R; Schoukens, J; Verheyden, A",,,,IEEE TRANSACTIONS ON INSTRUMENTATION AND MEASUREMENT,5-Jun,2005,54,3,,,,1118,1125,,10.1109/TIM.2005.847201,,,6,0.38,0,0,0,0,0,0,0,0,0,0,0,0,0,0,0,0,0,0,0,0,0,0,0,0,0,0,0,0,0,0,0,0,0,0,0,0,0,0,1,1,1,0,0,0,0,3,0,0,0,0,0
"Litter production in three mangrove stands of Mida Creek, Kenya","Gwada, P; Kairo, JG",,,,SOUTH AFRICAN JOURNAL OF BOTANY,1-Sep,2001,67,3,,,,443,449,,10.1016/S0254-6299(15)31162-5,Meeting on Marine Botany in the Western Indian Ocean,"DEC 12-16, 2000",6,0.3,0,0,0,0,0,0,0,0,0,0,0,0,0,0,0,0,0,0,0,0,0,0,0,0,0,0,0,0,0,0,0,0,1,0,0,0,0,0,1,0,0,1,1,0,0,0,0,1,1,0,0
"Papillonema danieli gen et sp n and Papillonema clavatum (Gerlach, 1957) comb n (Nematoda, Desmodoridae) from the Ceriops mangrove sediments of Gazi Bay, Kenya","Verschelde, D; Muthumbi, A; Vincx, M",,,,HYDROBIOLOGIA,DEC 15 1995,1995,316,3,,,,225,237,,10.1007/BF00017439,,,6,0.23,0,0,0,0,0,0,0,0,0,0,0,0,0,0,0,0,0,0,0,0,0,0,0,0,0,0,0,0,0,0,0,1,0,0,1,0,1,1,0,0,0,0,0,1,1,0,0,0,0,0,0
"EXCIROLANA-BOWMANI, A NEW MANGROVE-BORING ISOPOD FROM KENYA (ISOPODA, CIROLANIDAE)","JONES, DA; ICELY, JD",,,,CRUSTACEANA,1981,1981,40,MAY,,,,266,271,,10.1163/156854081X00732,,,6,0.15,0,0,0,0,0,0,0,0,0,0,0,0,0,2,0,0,0,0,1,0,0,0,0,0,1,0,0,0,0,0,0,1,0,0,0,0,0,0,0,0,0,0,0,0,0,0,1,0,0,0,0
Genetic diversity and connectivity in the East African giant mud crab Scylla serrata: Implications for fisheries management,"Rumisha, Cyrus; Huyghe, Filip; Rapanoel, Diary; Mascaux, Nemo; Kochzius, Marc",,,,PLOS ONE,OCT 24 2017,2017,12,10,,,,,,e0186817,10.1371/journal.pone.0186817,,,5,1.25,0,0,0,0,0,0,0,0,0,0,0,0,0,0,0,0,0,0,0,0,0,0,0,0,0,0,0,0,0,0,0,0,0,0,0,0,0,0,0,0,0,0,0,0,0,0,0,0,2,3,0
Litter Fall Dynamics of Restored Mangroves (Rhizophora mucronata Lamk. and Sonneratia alba Sm.) in Kenya,"Wang'ondu, Virginia W.; Bosire, Jared O.; Kairo, James G.; Kinyamario, Jenesio I.; Mwaura, Francis B.; Dahdouh-Guebas, Farid; Koedam, Nico",,,,RESTORATION ECOLOGY,14-Nov,2014,22,6,,,,824,831,,10.1111/rec.12149,,,5,0.71,0,0,0,0,0,0,0,0,0,0,0,0,0,0,0,0,0,0,0,0,0,0,0,0,0,0,0,0,0,0,0,0,0,0,0,0,0,0,0,0,0,0,0,0,0,0,0,0,3,2,0
"Tidal sediment transport versus freshwater flood events in the Konkoure Estuary, Republic of Guinea","Capo, Sylvain; Brenon, Isabelle; Sottolichio, Aldo; Castaing, Patrice; Le Goulven, Patrick",,,,JOURNAL OF AFRICAN EARTH SCIENCES,9-Sep,2009,55,2-Jan,,,,52,57,,10.1016/j.jafrearsci.2009.01.008,,,5,0.42,0,0,0,0,0,0,0,0,0,0,0,0,0,0,0,0,0,0,0,0,0,0,0,0,0,0,0,0,0,0,0,0,0,0,0,0,0,0,0,0,0,0,1,0,2,0,1,1,0,0,0
"PRELIMINARY-OBSERVATIONS ON PARENTAL CARE IN SPHAEROMA-TEREBRANS BATE 1866 (ISOPODA SPHAEROMATIDAE), A MANGROVE WOOD BORER FROM KENYA","MESSANA, G; BARTOLUCCI, V; MWALUMA, J; OSORE, M",,,,ETHOLOGY ECOLOGY & EVOLUTION,Nov-94,1994,,3,,,SI,125,129,,,5th Conference of the Italian-Section of the International-Union-for-the-Study-of-Social-Insects - Biological Studies on Social and Presocial Arthropods,"JUN 11-13, 1992",5,0.19,0,0,0,0,0,0,0,0,0,0,0,0,0,0,0,0,0,0,0,0,0,0,0,0,0,0,0,0,1,1,0,0,0,0,1,0,0,0,0,0,0,1,0,0,0,0,0,0,1,0,0
"A NOTE ON THE ZOOPLANKTON DISTRIBUTION AND DIVERSITY IN A TROPICAL MANGROVE CREEK SYSTEM, GAZI, KENYA","OSORE, MKW",,,,HYDROBIOLOGIA,NOV 20 1992,1992,247,3-Jan,,,,119,120,,10.1007/BF00008210,,,5,0.17,0,0,0,0,0,0,0,0,0,0,0,0,0,0,0,0,0,0,0,0,0,0,0,0,0,0,0,0,1,0,1,1,0,0,0,0,0,0,0,0,0,1,0,0,1,0,0,0,0,0,0
From Shiny Shoes to Muddy Reality: Understanding How Meso-State Actors Negotiate the Implementation Gap in Participatory Forest Management,"Kairu, Anne; Upton, Caroline; Huxham, Mark; Kotut, Kiplagat; Mbeche, Robert; Kairo, James",,,,SOCIETY & NATURAL RESOURCES,2018,2018,31,1,,,,74,88,,10.1080/08941920.2017.1382628,,,4,1.33,0,0,0,0,0,0,0,0,0,0,0,0,0,0,0,0,0,0,0,0,0,0,0,0,0,0,0,0,0,0,0,0,0,0,0,0,0,0,0,0,0,0,0,0,0,0,0,0,4,0,0
"Involvement, knowledge, and perception in a natural reserve under participatory management: Mida Creek, Kenya","Frank, Celine; Kairo, James G.; Bosire, Jared O.; Mohamed, Mohamed O. S.; Dahdouh-Guebas, Farid; Koedam, Nico",,,,OCEAN & COASTAL MANAGEMENT,JUN 15 2017,2017,142,,,,,28,36,,10.1016/j.ocecoaman.2017.03.009,,,4,1,0,0,0,0,0,0,0,0,0,0,0,0,0,0,0,0,0,0,0,0,0,0,0,0,0,0,0,0,0,0,0,0,0,0,0,0,0,0,0,0,0,0,0,0,0,0,0,0,3,1,0
Small-scale variability in geomorphological settings influences mangrove-derived organic matter export in a tropical bay,"Signa, Geraldina; Mazzola, Antonio; Kairo, James; Vizzini, Salvatrice",,,,BIOGEOSCIENCES,FEB 9 2017,2017,14,3,,,,617,629,,10.5194/bg-14-617-2017,,,4,1,0,0,0,0,0,0,0,0,0,0,0,0,0,0,0,0,0,0,0,0,0,0,0,0,0,0,0,0,0,0,0,0,0,0,0,0,0,0,0,0,0,0,0,0,0,0,0,0,2,2,0
"Investigating the distribution and fate of Al, Cd, Cr, Cu, Mn, Ni, Pb and Zn in sewage-impacted mangrove-fringed creeks of Kenya, Tanzania and Mozambique","Kamau, Joseph Nyingi; Kuschk, Peter; Machiwa, John; Macia, Adriano; Mothes, Sibylle; Mwangi, Stephen; Munga, Daniel; Kappelmeyer, Uwe",,,,JOURNAL OF SOILS AND SEDIMENTS,15-Dec,2015,15,12,,,,2453,2465,,10.1007/s11368-015-1214-3,13th International Conference of the International-Association-for-Sediment-Water-Science (IASWS),"JUL 15-18, 2014-2015",4,0.67,0,0,0,0,0,0,0,0,0,0,0,0,0,0,0,0,0,0,0,0,0,0,0,0,0,0,0,0,0,0,0,0,0,0,0,0,0,0,0,0,0,0,0,0,0,0,1,1,2,0,0
"Effects of experimental sedimentation on the phenological dynamics and leaf traits of replanted mangroves at Gazi bay, Kenya","Okello, Judith A.; Robert, Elisabeth M. R.; Beeckman, Hans; Kairo, James G.; Dahdouh-Guebas, Farid; Koedam, Nico",,,,ECOLOGY AND EVOLUTION,14-Aug,2014,4,16,,,,3187,3200,,10.1002/ece3.1154,,,4,0.57,0,0,0,0,0,0,0,0,0,0,0,0,0,0,0,0,0,0,0,0,0,0,0,0,0,0,0,0,0,0,0,0,0,0,0,0,0,0,0,0,0,0,0,0,0,0,2,2,0,0,0
Fatty acid profiling reveals a trophic link between mangrove leaf litter biofilms and the post-larvae of giant tiger shrimp Penaeus monodon,"Gatune, Warima C.; Vanreusel, Ann; Ruwa, Renison; Bossier, Peter; De Troch, Marleen",,,,AQUACULTURE ENVIRONMENT INTERACTIONS,2014,2014,6,1,,,,1,10,,10.3354/aei00117,,,4,0.57,0,0,0,0,0,0,0,0,0,0,0,0,0,0,0,0,0,0,0,0,0,0,0,0,0,0,0,0,0,0,0,0,0,0,0,0,0,0,0,0,0,0,0,0,0,0,0,3,0,1,0
"Genetic population structure and recruitment patterns of three sympatric shallow-water penaeid prawns in Ungwana Bay, Kenya, with implication for fisheries management","Mkare, Thomas K.; von der Heyden, Sophie; Groeneveld, Johan C.; Matthee, Conrad A.",,,,MARINE AND FRESHWATER RESEARCH,2014,2014,65,3,,,,255,266,,10.1071/MF13047,,,4,0.57,0,0,0,0,0,0,0,0,0,0,0,0,0,0,0,0,0,0,0,0,0,0,0,0,0,0,0,0,0,0,0,0,0,0,0,0,0,0,0,0,0,0,0,0,0,0,1,1,0,2,0
"A comparison between fish assemblages in mangrove forests and on intertidal flats at Ungwana Bay, Kenya","Mirera, D. O.; Kairo, J. G.; Kimani, E. N.; Waweru, F. K.",,,,AFRICAN JOURNAL OF AQUATIC SCIENCE,2010,2010,35,2,,,,165,171,PII 926055138,10.2989/16085914.2010.497661,,,4,0.36,0,0,0,0,0,0,0,0,0,0,0,0,0,0,0,0,0,0,0,0,0,0,0,0,0,0,0,0,0,0,0,0,0,0,0,0,0,0,0,0,0,0,0,0,2,0,1,1,0,0,0
"INTERACTIVE EFFECT OF PLANTING DISTANCE, IRRIGATION TYPE AND INTERTIDAL ZONE ON THE GROWTH OF GREY MANGROVE SEEDLINGS IN QESHM ISLAND, IRAN","Mohammadizadeh, M.; Farshchi, P.; Danehkar, A.; Mahmoodi-Madjdabadi, M.; Hassani, M.; Mohammadizadeh, F.",,,,JOURNAL OF TROPICAL FOREST SCIENCE,9-Apr,2009,21,2,,,,147,155,,,,,4,0.33,0,0,0,0,0,0,0,0,0,0,0,0,0,0,0,0,0,0,0,0,0,0,0,0,0,0,0,0,0,0,0,0,0,0,0,0,0,0,0,0,0,1,1,0,0,0,0,0,2,0,0
MARICULTURE DEVELOPMENT IN KENYA - ALTERNATIVES TO SITING PONDS IN THE MANGROVE ECOSYSTEM,"RASOWO, J",,,,HYDROBIOLOGIA,NOV 20 1992,1992,247,3-Jan,,,,209,214,,10.1007/BF00008220,INTERNATIONAL SYMP ON THE ECOLOGY OF MANGROVE AND RELATED ECOSYSTEMS,"SEP 24-30, 1990",4,0.14,0,0,0,0,0,0,0,0,0,0,0,0,0,0,0,0,0,0,0,0,0,0,0,0,0,0,0,1,1,0,0,0,0,0,0,0,0,0,0,0,0,0,1,0,1,0,0,0,0,0,0
Comparative Assessment of Mangrove Biomass and Fish Assemblages in an Urban and Rural Mangrove Wetlands in Ghana,"Nortey, Daniel D. N.; Aheto, Denis W.; Blay, John; Jonah, Fredrick E.; Asare, Noble K.",,,,WETLANDS,16-Aug,2016,36,4,,,,717,730,,10.1007/s13157-016-0783-2,,,3,0.6,0,0,0,0,0,0,0,0,0,0,0,0,0,0,0,0,0,0,0,0,0,0,0,0,0,0,0,0,0,0,0,0,0,0,0,0,0,0,0,0,0,0,0,0,0,0,0,1,2,0,0
Wide Ranging Insect Infestation of the Pioneer Mangrove Sonneratia alba by Two Insect Species along the Kenyan Coast,"Jenoh, Elisha Mrabu; Robert, Elisabeth M. R.; Lehmann, Ingo; Kioko, Esther; Bosire, Jared O.; Ngisiange, Noah; Dahdouh-Guebas, Farid; Koedam, Nico",,,,PLOS ONE,MAY 12 2016,2016,11,5,,,,,,e0154849,10.1371/journal.pone.0154849,,,3,0.6,0,0,0,0,0,0,0,0,0,0,0,0,0,0,0,0,0,0,0,0,0,0,0,0,0,0,0,0,0,0,0,0,0,0,0,0,0,0,0,0,0,0,0,0,0,0,0,0,2,1,0
Migratory behaviour of the mangrove gastropod Cerithidea decollata under unfamiliar conditions,"Lazzeri, Anna Marta; Bazihizina, Nadia; Kingunge, Pili K.; Lotti, Alessia; Pazzi, Veronica; Tasselli, Pier Lorenzo; Vannini, Marco; Fratini, Sara",,,,JOURNAL OF EXPERIMENTAL MARINE BIOLOGY AND ECOLOGY,14-Aug,2014,457,,,,,236,240,,10.1016/j.jembe.2014.04.024,,,3,0.43,0,0,0,0,0,0,0,0,0,0,0,0,0,0,0,0,0,0,0,0,0,0,0,0,0,0,0,0,0,0,0,0,0,0,0,0,0,0,0,0,0,0,0,0,0,1,0,1,1,0,0
Decline of Terebralia palustris in South African mangroves,"Raw, J. L.; Perissinotto, R.; Taylor, R. H.; Miranda, N. A. F.; Peer, N.",,,,AFRICAN JOURNAL OF MARINE SCIENCE,2014,2014,36,4,,,,517,522,,10.2989/1814232X.2014.984757,,,3,0.43,0,0,0,0,0,0,0,0,0,0,0,0,0,0,0,0,0,0,0,0,0,0,0,0,0,0,0,0,0,0,0,0,0,0,0,0,0,0,0,0,0,0,0,0,0,0,0,2,1,0,0
"Effects of species richness, identity and environmental variables on growth in planted mangroves in Kenya","Kirui, Bernard Y. K.; Kairo, James G.; Skov, Martin W.; Mencuccini, Maurizio; Huxham, Mark",,,,MARINE ECOLOGY PROGRESS SERIES,2012,2012,465,,,,,1,10,,10.3354/meps09999,,,3,0.33,0,0,0,0,0,0,0,0,0,0,0,0,0,0,0,0,0,0,0,0,0,0,0,0,0,0,0,0,0,0,0,0,0,0,0,0,0,0,0,0,0,0,0,0,0,1,0,1,1,0,0
Contrast of nitrogen contents around roots of mangrove plants,"Inoue, Tomomi; Nohara, Seiichi; Takagi, Hiroyuki; Anzai, Yasuharu",,,,PLANT AND SOIL,11-Feb,2011,339,2-Jan,,,,471,483,,10.1007/s11104-010-0604-y,,,3,0.3,0,0,0,0,0,0,0,0,0,0,0,0,0,0,0,0,0,0,0,0,0,0,0,0,0,0,0,0,0,0,0,0,0,0,0,0,0,0,0,0,0,1,0,0,0,0,0,0,1,1,0
"MANGROVE LITTER BIOMASS INPUT IN A FOREST IMPACTED BY HUMAN PHYSICAL DISTURBANCE, GAZI BAY, KENYA","Kihia, C. M.; Mathooko, J. M.; Ruwa, R. K.; Shivoga, A. W.",,,,ECOTROPICA,2010,2010,16,2,,,,113,123,,,,,3,0.27,0,0,0,0,0,0,0,0,0,0,0,0,0,0,0,0,0,0,0,0,0,0,0,0,0,0,0,0,0,0,0,0,0,0,0,0,0,0,0,0,0,0,0,0,0,1,1,0,1,0,0
"Random walk, zonation and the food searching strategy of Terebralia palustris (Mollusca, Potamididae) in Kenya","Vannini, Marco; Cannicci, Stefano; Mrabu, Elisha; Rorandelli, Rocco; Fratini, Sara",,,,ESTUARINE COASTAL AND SHELF SCIENCE,DEC 10 2008,2008,80,4,,,,529,537,,10.1016/j.ecss.2008.09.020,,,3,0.23,0,0,0,0,0,0,0,0,0,0,0,0,0,0,0,0,0,0,0,0,0,0,0,0,0,0,0,0,0,0,0,0,0,0,0,0,0,0,0,0,1,0,0,0,1,0,0,1,0,0,0
KenSea - tsunami damage modelling for coastal areas of Kenya,"Tychsen, John; Geertz-Hansen, Ole; Schjoth, Frands",,,,GEOLOGICAL SURVEY OF DENMARK AND GREENLAND BULLETIN,2008,2008,,15,,,,85,88,,,,,3,0.23,0,0,0,0,0,0,0,0,0,0,0,0,0,0,0,0,0,0,0,0,0,0,0,0,0,0,0,0,0,0,0,0,0,0,0,0,0,0,0,0,0,0,0,0,0,2,0,1,0,0,0
Marine Tubificidae (Oligochaeta) from a mangrove habitat in Kenya,"Erseus, C",,,,TROPICAL ZOOLOGY,Jul-99,1999,12,1,,,,137,143,,10.1080/03946975.1999.10539383,,,3,0.14,0,0,0,0,0,0,0,0,0,0,0,0,0,0,0,0,0,0,0,0,0,0,0,0,0,0,0,0,0,0,0,1,0,0,0,0,0,0,0,0,1,0,0,0,1,0,0,0,0,0,0
"Community perceptions of the status and threats facing mangroves of Mida Creek, Kenya: Implications for community based management","Owuor, Margaret Awuor; Icely, John; Newton, Alice",,,,OCEAN & COASTAL MANAGEMENT,JUN 1 2019,2019,175,,,,,172,179,,10.1016/j.ocecoaman.2019.03.027,,,2,1,0,0,0,0,0,0,0,0,0,0,0,0,0,0,0,0,0,0,0,0,0,0,0,0,0,0,0,0,0,0,0,0,0,0,0,0,0,0,0,0,0,0,0,0,0,0,0,0,0,2,0
Navigating multi-level natural resource governance: an analytical guide,"Nunan, Fiona",,,,NATURAL RESOURCES FORUM,18-Aug,2018,42,3,,,,159,171,,10.1111/1477-8947.12149,,,2,0.67,0,0,0,0,0,0,0,0,0,0,0,0,0,0,0,0,0,0,0,0,0,0,0,0,0,0,0,0,0,0,0,0,0,0,0,0,0,0,0,0,0,0,0,0,0,0,0,0,0,2,0
Possible environmental chemical cues affecting behaviour of the mangrove gastropod Cerithidea decollata,"Lazzeri, Anna Marta",,,,ESTUARINE COASTAL AND SHELF SCIENCE,MAR 15 2017,2017,188,,,,,12,17,,10.1016/j.ecss.2017.02.009,,,2,0.5,0,0,0,0,0,0,0,0,0,0,0,0,0,0,0,0,0,0,0,0,0,0,0,0,0,0,0,0,0,0,0,0,0,0,0,0,0,0,0,0,0,0,0,0,0,0,0,0,2,0,0
Detection of Human Landscape Alteration Using Nested Microbotanical and Fungal Proxies,"Szymanski, Ryan M.",,,,ENVIRONMENTAL ARCHAEOLOGY,2017,2017,22,4,,,SI,434,446,,10.1080/14614103.2017.1299415,,,2,0.5,0,0,0,0,0,0,0,0,0,0,0,0,0,0,0,0,0,0,0,0,0,0,0,0,0,0,0,0,0,0,0,0,0,0,0,0,0,0,0,0,0,0,0,0,0,0,0,0,1,1,0
"Sedimentary records of mangrove evolution during the past one hundred years based on stable carbon isotope and pollen evidences in Maowei, SW China",Xia Peng; Meng Xianwei; Li Zhen; Feng Aiping,,,,JOURNAL OF OCEAN UNIVERSITY OF CHINA,16-Jun,2016,15,3,,,,447,455,,10.1007/s11802-016-2687-4,,,2,0.4,0,0,0,0,0,0,0,0,0,0,0,0,0,0,0,0,0,0,0,0,0,0,0,0,0,0,0,0,0,0,0,0,0,0,0,0,0,0,0,0,0,0,0,0,0,0,0,0,0,2,0
"Temporal patterns of megalopal settlement in different areas of an East African mangrove forest (Gazi Bay, Kenya)","Ragionieri, Lapo; Fratini, Sara; Cannicci, Stefano",,,,HYDROBIOLOGIA,15-May,2015,749,1,,,,183,195,,10.1007/s10750-014-2165-1,,,2,0.33,0,0,0,0,0,0,0,0,0,0,0,0,0,0,0,0,0,0,0,0,0,0,0,0,0,0,0,0,0,0,0,0,0,0,0,0,0,0,0,0,0,0,0,0,0,0,1,0,0,1,0
"The distribution of algae epiphytic on pneumatophores of the mangrove, Avicennia marina, at different salinities in the Kosi System","Steinke, TD; Lubke, RA; Ward, CJ",,,,SOUTH AFRICAN JOURNAL OF BOTANY,3-Dec,2003,69,4,,,,546,554,,10.1016/S0254-6299(15)30293-3,,,2,0.11,0,0,0,0,0,0,0,0,0,0,0,0,0,0,0,0,0,0,0,0,0,0,0,0,0,0,0,0,0,0,0,0,0,0,0,0,0,0,0,0,0,0,0,0,0,0,1,1,0,0,0
"Marionina schrijversi (Oligochaeta Enchytraeidae), a new species from a mangrove in Kenya","Healy, B",,,,TROPICAL ZOOLOGY,Jun-97,1997,10,1,,,,129,132,,10.1080/03946975.1997.10539330,,,2,0.08,0,0,0,0,0,0,0,0,0,0,0,0,0,0,0,0,0,0,0,0,0,0,0,0,0,0,0,0,0,1,0,0,0,0,0,0,0,0,0,0,0,0,1,0,0,0,0,0,0,0,0
"Species composition, abundance and fishing methods of small-scale fisheries in the seagrass meadows of Gazi Bay, Kenya","Musembi, Peter; Fulanda, Bernerd; Kairo, James; Githaiga, Michael",,,,JOURNAL OF THE INDIAN OCEAN REGION,MAY 4 2019,2019,15,2,,,SI,139,156,,10.1080/19480881.2019.1603608,,,1,0.5,0,0,0,0,0,0,0,0,0,0,0,0,0,0,0,0,0,0,0,0,0,0,0,0,0,0,0,0,0,0,0,0,0,0,0,0,0,0,0,0,0,0,0,0,0,0,0,0,0,1,0
Mangrove cover and cover change analysis in the transboundary area of Kenya and Tanzania during 1986-2016,"Mungai, Fredrick; Kairo, James; Mironga, John; Kirui, Bernard; Mangora, Mwita; Koedam, Nico",,,,JOURNAL OF THE INDIAN OCEAN REGION,MAY 4 2019,2019,15,2,,,SI,157,176,,10.1080/19480881.2019.1613868,,,1,0.5,0,0,0,0,0,0,0,0,0,0,0,0,0,0,0,0,0,0,0,0,0,0,0,0,0,0,0,0,0,0,0,0,0,0,0,0,0,0,0,0,0,0,0,0,0,0,0,0,0,1,0
Spatial Dynamics and Structure of Human Disturbed Mangrove Forests in Contrasting Coastal Communities in Eastern Africa,"Felisberto Macamo, Celia da Conceicao; Adams, Janine Barbara; Bandeira, Salomo Olinda; Mabilana, Hugo Adriano; Antonio, Vilma Machava",,,,WETLANDS,18-Jun,2018,38,3,,,,509,523,,10.1007/s13157-018-0996-7,,,1,0.33,0,0,0,0,0,0,0,0,0,0,0,0,0,0,0,0,0,0,0,0,0,0,0,0,0,0,0,0,0,0,0,0,0,0,0,0,0,0,0,0,0,0,0,0,0,0,0,0,0,1,0
"Restricted gene flow among western Indian Ocean populations of the mangrove whelk Terebralia palustris (Linnaeus, 1767) (Caenogastropoda: Potamididae)","Ratsimbazafy, Hajaniaina Andrianavalonarivo; Kochzius, Marc",,,,JOURNAL OF MOLLUSCAN STUDIES,18-May,2018,84,,2,,,163,169,,10.1093/mollus/eyy001,,,1,0.33,0,0,0,0,0,0,0,0,0,0,0,0,0,0,0,0,0,0,0,0,0,0,0,0,0,0,0,0,0,0,0,0,0,0,0,0,0,0,0,0,0,0,0,0,0,0,0,0,0,1,0
"Cost-benefit analysis of mangrove ecosystems in flood risk reduction: a case study of the Tana Delta, Kenya","Karanja, Joseph Muiruri; Saito, Osamu",,,,SUSTAINABILITY SCIENCE,18-Mar,2018,13,2,,,,503,516,,10.1007/s11625-017-0427-3,,,1,0.33,0,0,0,0,0,0,0,0,0,0,0,0,0,0,0,0,0,0,0,0,0,0,0,0,0,0,0,0,0,0,0,0,0,0,0,0,0,0,0,0,0,0,0,0,0,0,0,0,1,0,0
Terrestrial discharge influences microbioerosion and microbioeroder community structure in coral reefs,"Mwachireya, S. A.; Carreiro-Silva, M.; Hartwick, B. E.; McClanahan, T. R.",,,,AFRICAN JOURNAL OF MARINE SCIENCE,2018,2018,40,1,,,,25,42,,10.2989/1814232X.2018.1435424,,,1,0.33,0,0,0,0,0,0,0,0,0,0,0,0,0,0,0,0,0,0,0,0,0,0,0,0,0,0,0,0,0,0,0,0,0,0,0,0,0,0,0,0,0,0,0,0,0,0,0,0,0,1,0
Hydraulic conductivity and xylem structure of partially buried mangrove tree species,"Okello, Judith Auma; Schmitz, Nele; Beeckman, Hans; Dahdouh-Guebas, Farid; Kairo, James G.; Koedam, Nico; Robert, Elisabeth M. R.",,,,PLANT AND SOIL,17-Aug,2017,417,2-Jan,,,,141,154,,10.1007/s11104-017-3247-4,,,1,0.25,0,0,0,0,0,0,0,0,0,0,0,0,0,0,0,0,0,0,0,0,0,0,0,0,0,0,0,0,0,0,0,0,0,0,0,0,0,0,0,0,0,0,0,0,0,0,0,0,1,0,0
"An update on the status of mangrove forests in the western coast of Unguja Island, Tanzania: a rural vs peri-urban comparison","Msangameno, Daudi J.; Jiddawi, Narriman S.; Yahya, Saleh A.",,,,TROPICAL ECOLOGY,17-Jan,2017,58,1,,,,57,69,,,,,1,0.25,0,0,0,0,0,0,0,0,0,0,0,0,0,0,0,0,0,0,0,0,0,0,0,0,0,0,0,0,0,0,0,0,0,0,0,0,0,0,0,0,0,0,0,0,0,0,0,0,1,0,0
"Gastropods shell utilization among hermit crabs targeted by bait fishers along a tropical mangrove fringed creek, Mida, Kenya","Kihia, C. M.; Muthumbi, A.; Okondo, J.; Nthiga, A.; Njuguna, V. M.",,,,WETLANDS ECOLOGY AND MANAGEMENT,15-Oct,2015,23,5,,,,921,932,,10.1007/s11273-015-9429-z,,,1,0.17,0,0,0,0,0,0,0,0,0,0,0,0,0,0,0,0,0,0,0,0,0,0,0,0,0,0,0,0,0,0,0,0,0,0,0,0,0,0,0,0,0,0,0,0,0,0,0,1,0,0,0
HYPOTHESES ON PROXIMATE AND ULTIMATE FACTORS INFLUENCING CLUSTERING IN THE TROPICAL HERMIT-CRAB CLIBANARIUS-LAEVIMANUS,"GHERARDI, F; VANNINI, M",,,,ETHOLOGY ECOLOGY & EVOLUTION,Nov-92,1992,,2,,,SI,17,22,,,,,1,0.03,0,0,0,0,0,0,0,0,0,0,0,0,0,0,0,0,0,0,0,0,0,0,0,0,0,0,0,0,0,0,0,0,0,0,0,0,0,0,0,0,0,0,0,0,0,0,0,0,1,0,0
"Valuing mangrove biodiversity and ecosystem services: A deliberative choice experiment in Mida Creek, Kenya","Owuor, Margaret Awuor; Mulwa, Richard; Otieno, Philip; Icely, John; Newton, Alice",,,,ECOSYSTEM SERVICES,19-Dec,2019,40,,,,,,,UNSP 101040,10.1016/j.ecoser.2019.101040,,,0,0,0,0,0,0,0,0,0,0,0,0,0,0,0,0,0,0,0,0,0,0,0,0,0,0,0,0,0,0,0,0,0,0,0,0,0,0,0,0,0,0,0,0,0,0,0,0,0,0,0,0,0
Recruitment limitation and competent settlement of sesarmid crab larvae within East African mangrove forests,"Cannicci, Stefano; Mostert, Bruce; Fratini, Sara; McQuaid, Christopher D.; Porri, Francesca",,,,MARINE ECOLOGY PROGRESS SERIES,SEP 12 2019,2019,626,,,,,123,133,,10.3354/meps13062,,,0,0,0,0,0,0,0,0,0,0,0,0,0,0,0,0,0,0,0,0,0,0,0,0,0,0,0,0,0,0,0,0,0,0,0,0,0,0,0,0,0,0,0,0,0,0,0,0,0,0,0,0,0
Biodiversity data rescue in the framework of a long-term Kenya-Belgium cooperation in marine sciences,"Knockaert, Carolien; Tyberghein, Lennert; Goffin, Annelies; Vanhaecke, Delphine; Ong'anda, Harrison; Wakwabi, Enock O.; Mees, Jan",,,,SCIENTIFIC DATA,JUN 12 2019,2019,6,,,,,,,85,10.1038/s41597-019-0092-8,,,0,0,0,0,0,0,0,0,0,0,0,0,0,0,0,0,0,0,0,0,0,0,0,0,0,0,0,0,0,0,0,0,0,0,0,0,0,0,0,0,0,0,0,0,0,0,0,0,0,0,0,0,0
Genetic population structure of the mangrove snails Littoraria subvittata and L. pallescens in the Western Indian Ocean,"Nehemia, Alex; Ngendu, Yamungu; Kochzius, Marc",,,,JOURNAL OF EXPERIMENTAL MARINE BIOLOGY AND ECOLOGY,MAY-JUN 2019,2019,514,,,,,27,33,,10.1016/j.jembe.2019.03.005,,,0,0,0,0,0,0,0,0,0,0,0,0,0,0,0,0,0,0,0,0,0,0,0,0,0,0,0,0,0,0,0,0,0,0,0,0,0,0,0,0,0,0,0,0,0,0,0,0,0,0,0,0,0
"Comparing an ecosystem approach to single-species stock assessment: The case of Gazi Bay, Kenya","Tuda, Paul M.; Wolff, Matthias",,,,JOURNAL OF MARINE SYSTEMS,18-Aug,2018,184,,,,,1,14,,10.1016/j.jmarsys.2018.04.004,,,0,0,0,0,0,0,0,0,0,0,0,0,0,0,0,0,0,0,0,0,0,0,0,0,0,0,0,0,0,0,0,0,0,0,0,0,0,0,0,0,0,0,0,0,0,0,0,0,0,0,0,0,0
"Inter- and intraspecific variation in mangrove carbon fraction and wood specific gravity in Gazi Bay, Kenya","Gillerot, Loic; Vlaminck, Ellen; De Ryck, Dennis J. R.; Mwasaru, Donald Maringa; Beeckman, Hans; Koedam, Nico",,,,ECOSPHERE,18-Jun,2018,9,6,,,,,,e02306,10.1002/ecs2.2306,,,0,0,0,0,0,0,0,0,0,0,0,0,0,0,0,0,0,0,0,0,0,0,0,0,0,0,0,0,0,0,0,0,0,0,0,0,0,0,0,0,0,0,0,0,0,0,0,0,0,0,0,0,0
ASSESSING THE ACCURACY OF REMOTE SENSING TECHNIQUES IN VEGETATION FRACTIONS ESTIMATION,"Oloo, Okuku Josephat",,,,SOUTH AFRICAN JOURNAL OF GEOMATICS,17-Apr,2017,6,1,,,,106,129,,10.4314/sajg.v6i1.7,,,0,0,0,0,0,0,0,0,0,0,0,0,0,0,0,0,0,0,0,0,0,0,0,0,0,0,0,0,0,0,0,0,0,0,0,0,0,0,0,0,0,0,0,0,0,0,0,0,0,0,0,0,0
Intertidal mangrove boundary zones as nursery grounds for the mud crab Scylla serrata,"Mirera, D. O.",,,,AFRICAN JOURNAL OF MARINE SCIENCE,2017,2017,39,3,,,,315,325,,10.2989/1814232X.2017.1371640,,,0,0,0,0,0,0,0,0,0,0,0,0,0,0,0,0,0,0,0,0,0,0,0,0,0,0,0,0,0,0,0,0,0,0,0,0,0,0,0,0,0,0,0,0,0,0,0,0,0,0,0,0,0
"Spatial variability of the rate of organic carbon mineralization in a sewage-impacted mangrove forest, Mikindani, Kenya","Kamau, Joseph Nyingi; Ngila, Jane Catherine; Kirui, Bernard; Mwangi, Stephen; Kosore, Charles Mitto; Wanjeri, Veronica; Okumu, Sturcky",,,,JOURNAL OF SOILS AND SEDIMENTS,15-Dec,2015,15,12,,,,2466,2475,,10.1007/s11368-015-1271-7,13th International Conference of the International-Association-for-Sediment-Water-Science (IASWS),"JUL 15-18, 2014-2015",0,0,0,0,0,0,0,0,0,0,0,0,0,0,0,0,0,0,0,0,0,0,0,0,0,0,0,0,0,0,0,0,0,0,0,0,0,0,0,0,0,0,0,0,0,0,0,0,0,0,0,0,0
Preliminary Observations on the Association of Skusea pembaensis (Diptera: Culicidae) and Cardisoma carnifex (Decapoda: Geocarcinidae) in Mangroves of Northeast Tanzania,"Irish, Seth R.; Kirby, Matthew J.",,,,JOURNAL OF INSECT BEHAVIOR,13-Sep,2013,26,5,,,,740,744,,10.1007/s10905-013-9393-5,,,0,0,0,0,0,0,0,0,0,0,0,0,0,0,0,0,0,0,0,0,0,0,0,0,0,0,0,0,0,0,0,0,0,0,0,0,0,0,0,0,0,0,0,0,0,0,0,0,0,0,0,0,0
Seasonality in fish assemblage structure in an East African mangrove creek,"Wainaina, M. W.; Kaunda-Arara, B.; Njiru, J. M.",,,,AFRICAN JOURNAL OF MARINE SCIENCE,2013,2013,35,2,,,,163,173,,10.2989/1814232X.2013.769904,,,0,0,0,0,0,0,0,0,0,0,0,0,0,0,0,0,0,0,0,0,0,0,0,0,0,0,0,0,0,0,0,0,0,0,0,0,0,0,0,0,0,0,0,0,0,0,0,0,0,0,0,0,0
"Influence of human disturbance on patterns of leaf herbivory at Gazi Bay mangrove forest, Kenya","Kihia, C. M.; Mathooko, J. M.; Ruwa, R. K.; Shivoga, W. A.",,,,AFRICAN JOURNAL OF AQUATIC SCIENCE,2011,2011,36,3,,,,235,241,,10.2989/16085914.2011.636901,,,0,0,0,0,0,0,0,0,0,0,0,0,0,0,0,0,0,0,0,0,0,0,0,0,0,0,0,0,0,0,0,0,0,0,0,0,0,0,0,0,0,0,0,0,0,0,0,0,0,0,0,0,0
"THE ECOLOGY OF MANGROVE AND RELATED ECOSYSTEMS - PROCEEDINGS OF THE INTERNATIONAL-SYMPOSIUM HELD AT MOMBASA, KENYA, 24-30 SEPTEMBER 1990 - PREFACE","JACCARINI, V; MARTENS, E",,,,HYDROBIOLOGIA,NOV 20 1992,1992,247,3-Jan,,,,R7,R8,,,,,0,0,0,0,0,0,0,0,0,0,0,0,0,0,0,0,0,0,0,0,0,0,0,0,0,0,0,0,0,0,0,0,0,0,0,0,0,0,0,0,0,0,0,0,0,0,0,0,0,0,0,0,0
